date,key,Confirmed,Deaths,Recovered,Active,Latitude,Longitude,share_of_last_week,percentage
2020-04-12,Alaska,272,8,66,198,61.3707,-152.4044,50.455373406193075,50.5
2020-04-13,Alaska,277,8,85,184,61.3707,-152.4044,50.455373406193075,50.5
2020-04-12,Arkansas,1280,27,367,886,34.9697,-92.3731,52.41635687732342,52.4
2020-04-13,Arkansas,1410,29,391,990,34.9697,-92.3731,52.41635687732342,52.4
2020-04-12,Delaware,1625,35,191,1399,39.3185,-75.5071,51.96571090747857,52.0
2020-04-13,Delaware,1758,41,213,1504,39.3185,-75.5071,51.96571090747857,52.0
2020-04-12,Guam,133,5,58,70,13.4443,144.7937,50.0,50.0
2020-04-13,Guam,133,5,58,70,13.4443,144.7937,50.0,50.0
2020-04-12,Hawaii,499,9,300,190,21.0943,-157.4983,50.24925224327019,50.2
2020-04-13,Hawaii,504,9,310,185,21.0943,-157.4983,50.24925224327019,50.2
2020-04-12,Iowa,1587,41,674,872,42.0115,-93.2105,51.86533212010919,51.9
2020-04-13,Iowa,1710,41,741,928,42.0115,-93.2105,51.86533212010919,51.9
2020-04-12,Kentucky,1963,97,464,1402,37.6681,-84.6701,50.69078121075107,50.7
2020-04-13,Kentucky,2018,113,607,1298,37.6681,-84.6701,50.69078121075107,50.7
2020-04-12,Maine,633,19,266,348,44.6939,-69.3819,52.44177310293013,52.4
2020-04-13,Maine,698,19,273,406,44.6939,-69.3819,52.44177310293013,52.4
2020-04-12,Maryland,8225,236,456,7533,39.0639,-76.8021,52.07155760153837,52.1
2020-04-13,Maryland,8936,262,603,8071,39.0639,-76.8021,52.07155760153837,52.1
2020-04-12,Michigan,24244,1479,433,22332,43.3266,-84.5361,51.39437438601416,51.4
2020-04-13,Michigan,25635,1602,447,23586,43.3266,-84.5361,51.39437438601416,51.4
2020-04-12,Minnesota,1621,70,842,709,45.6945,-93.9002,50.0,50.0
2020-04-13,Minnesota,1621,70,842,709,45.6945,-93.9002,50.0,50.0
2020-04-12,Montana,387,6,169,212,46.9219,-110.4544,50.44814340588989,50.4
2020-04-13,Montana,394,7,171,216,46.9219,-110.4544,50.44814340588989,50.4
2020-04-12,New Hampshire,929,23,236,670,43.4525,-71.5639,51.46290491118077,51.5
2020-04-13,New Hampshire,985,23,239,723,43.4525,-71.5639,51.46290491118077,51.5
2020-04-12,New Mexico,1245,26,235,984,34.8405,-106.2485,50.33905065815716,50.3
2020-04-13,New Mexico,1262,26,295,941,34.8405,-106.2485,50.33905065815716,50.3
2020-04-12,New York,189033,9385,23887,155761,42.1657,-74.9481,50.8727019455172,50.9
2020-04-13,New York,195749,10058,23887,161804,42.1657,-74.9481,50.8727019455172,50.9
2020-04-12,North Dakota,308,7,121,180,47.5289,-99.784,51.799687010954614,51.8
2020-04-13,North Dakota,331,8,127,196,47.5289,-99.78399999999999,51.799687010954614,51.8
2020-04-12,Oklahoma,1970,96,865,1009,35.5653,-96.9289,51.22555087893043,51.2
2020-04-13,Oklahoma,2069,99,865,1105,35.5653,-96.9289,51.22555087893043,51.2
2020-04-12,Rhode Island,2665,63,35,2567,41.6809,-71.5118,50.0,50.0
2020-04-13,Rhode Island,2665,63,135,2467,41.6809,-71.5118,50.0,50.0
2020-04-12,South Dakota,730,6,197,527,44.2998,-99.4388,54.31789737171464,54.3
2020-04-13,South Dakota,868,6,207,655,44.2998,-99.4388,54.31789737171464,54.3
2020-04-12,Tennessee,5508,106,1504,3898,35.7478,-86.6923,50.45871559633027,50.5
2020-04-13,Tennessee,5610,109,1671,3830,35.7478,-86.6923,50.45871559633027,50.5
2020-04-12,Texas,13677,283,2014,11380,31.0545,-97.5635,51.069690898683454,51.1
2020-04-13,Texas,14275,305,2269,11701,31.0545,-97.5635,51.069690898683454,51.1
2020-04-12,Vermont,727,27,15,685,44.0459,-72.7107,50.71186440677966,50.7
2020-04-13,Vermont,748,28,15,705,44.0459,-72.7107,50.71186440677966,50.7
2020-04-12,West Virginia,593,6,83,504,38.4912,-80.9545,50.74750830564784,50.7
2020-04-13,West Virginia,611,8,85,518,38.4912,-80.9545,50.74750830564784,50.7
2020-04-12,Wyoming,270,0,137,133,42.756,-107.3025,50.45871559633027,50.5
2020-04-13,Wyoming,275,1,138,136,42.756,-107.3025,50.45871559633027,50.5
2020-04-13,Montana,394,7,171,216,46.9219,-110.4544,,0.0
2020-04-22,Alabama,5593,196,0,5397,32.3182,-86.9023,,0.0
2020-04-22,Alaska,335,9,196,130,61.3707,-152.4044,,0.0
2020-04-22,American Samoa,0,0,0,0,-14.270999999999999,-170.132,,0.0
2020-04-22,Arizona,5473,231,1265,3977,33.7298,-111.4312,,0.0
2020-04-22,Arkansas,2276,42,863,1371,34.9697,-92.3731,,0.0
2020-04-12,New Hampshire,929,23,236,670,43.4525,-71.5639,,0.0
2020-04-22,California,37344,1421,0,35923,36.1162,-119.6816,,0.0
2020-04-13,New Hampshire,985,23,239,723,43.4525,-71.5639,,0.0
2020-04-22,Colorado,10891,506,0,10385,39.0598,-105.3111,,0.0
2020-04-22,Connecticut,22469,1544,0,20925,41.5978,-72.7554,,0.0
2020-04-22,Delaware,3200,89,599,2512,39.3185,-75.5071,,0.0
2020-04-12,New Mexico,1245,26,235,984,34.8405,-106.2485,,0.0
2020-04-22,Diamond Princess,49,0,0,49,,,,0.0
2020-04-13,New Mexico,1262,26,295,941,34.8405,-106.2485,,0.0
2020-04-22,District of Columbia,3206,127,645,2434,38.8974,-77.0268,,0.0
2020-04-12,New York,189033,9385,23887,155761,42.1657,-74.9481,,0.0
2020-04-22,Florida,28309,893,0,27416,27.7663,-81.6868,,0.0
2020-04-13,New York,195749,10058,23887,161804,42.1657,-74.9481,,0.0
2020-04-22,Georgia,21214,848,0,20366,33.0406,-83.6431,,0.0
2020-04-22,Grand Princess,103,0,0,103,,,,0.0
2020-04-22,Guam,136,5,119,12,13.4443,144.7937,,0.0
2020-04-12,North Dakota,308,7,121,180,47.5289,-99.784,,0.0
2020-04-22,Hawaii,592,12,437,143,21.0943,-157.4983,,0.0
2020-04-13,North Dakota,331,8,127,196,47.5289,-99.78399999999999,,0.0
2020-04-22,Idaho,1766,51,710,1005,44.2405,-114.4788,,0.0
2020-04-22,Illinois,35107,1565,0,33542,40.3495,-88.9861,,0.0
2020-04-22,Indiana,12438,666,0,11772,39.8494,-86.2583,,0.0
2020-04-12,Oklahoma,1970,96,865,1009,35.5653,-96.9289,,0.0
2020-04-22,Iowa,3748,90,1428,2230,42.0115,-93.2105,,0.0
2020-04-13,Oklahoma,2069,99,865,1105,35.5653,-96.9289,,0.0
2020-04-22,Kansas,2331,112,0,2219,38.5266,-96.7265,,0.0
2020-04-22,Kentucky,3378,185,1266,1927,37.6681,-84.6701,,0.0
2020-04-22,Louisiana,25258,1473,0,23785,31.1695,-91.8678,,0.0
2020-04-22,Maine,907,39,455,413,44.6939,-69.3819,,0.0
2020-04-22,Maryland,14775,698,981,13096,39.0639,-76.8021,,0.0
2020-04-22,Massachusetts,42944,2182,0,40762,42.2302,-71.5301,,0.0
2020-04-22,Michigan,33966,2813,3237,27916,43.3266,-84.5361,,0.0
2020-04-12,Rhode Island,2665,63,35,2567,41.6809,-71.5118,,0.0
2020-04-22,Minnesota,2722,179,1317,1226,45.6945,-93.9002,,0.0
2020-04-13,Rhode Island,2665,63,135,2467,41.6809,-71.5118,,0.0
2020-04-22,Mississippi,4894,193,0,4701,32.7416,-89.6787,,0.0
2020-04-22,Missouri,6277,238,0,6039,38.4561,-92.2884,,0.0
2020-04-22,Montana,439,14,296,129,46.9219,-110.4544,,0.0
2020-04-12,South Dakota,730,6,197,527,44.2998,-99.4388,,0.0
2020-04-22,Nebraska,1813,38,0,1775,41.1254,-98.2681,,0.0
2020-04-13,South Dakota,868,6,207,655,44.2998,-99.4388,,0.0
2020-04-22,Nevada,4081,172,0,3909,38.3135,-117.0554,,0.0
2020-04-12,Tennessee,5508,106,1504,3898,35.7478,-86.6923,,0.0
2020-04-22,New Hampshire,1588,48,546,994,43.4525,-71.5639,,0.0
2020-04-13,Tennessee,5610,109,1671,3830,35.7478,-86.6923,,0.0
2020-04-22,New Jersey,95914,5150,0,90764,40.2989,-74.521,,0.0
2020-04-12,Texas,13677,283,2014,11380,31.0545,-97.5635,,0.0
2020-04-22,New Mexico,2210,71,529,1610,34.8405,-106.2485,,0.0
2020-04-13,Texas,14275,305,2269,11701,31.0545,-97.5635,,0.0
2020-04-22,New York,263292,19413,23887,219992,42.1657,-74.9481,,0.0
2020-04-22,North Carolina,7495,265,0,7230,35.6301,-79.8064,,0.0
2020-04-22,North Dakota,679,14,229,436,47.5289,-99.78399999999999,,0.0
2020-04-12,Vermont,727,27,15,685,44.0459,-72.7107,,0.0
2020-04-22,Northern Mariana Islands,14,2,11,1,15.0979,145.6739,,0.0
2020-04-13,Vermont,748,28,15,705,44.0459,-72.7107,,0.0
2020-04-22,Ohio,14117,610,0,13507,40.3888,-82.7649,,0.0
2020-04-22,Oklahoma,2894,170,1772,952,35.5653,-96.9289,,0.0
2020-04-22,Oregon,2059,78,0,1981,44.571999999999996,-122.0709,,0.0
2020-04-22,Pennsylvania,36082,1673,0,34409,40.5908,-77.2098,,0.0
2020-04-22,Puerto Rico,1252,63,0,1189,18.2208,-66.5901,,0.0
2020-04-12,West Virginia,593,6,83,504,38.4912,-80.9545,,0.0
2020-04-22,Rhode Island,5841,181,315,5345,41.6809,-71.5118,,0.0
2020-04-13,West Virginia,611,8,85,518,38.4912,-80.9545,,0.0
2020-04-22,South Carolina,4761,140,3317,1304,33.8569,-80.945,,0.0
2020-04-22,South Dakota,1858,9,937,912,44.2998,-99.4388,,0.0
2020-04-22,Tennessee,7394,157,4012,3225,35.7478,-86.6923,,0.0
2020-04-12,Wyoming,270,0,137,133,42.756,-107.3025,,0.0
2020-04-22,Texas,21321,556,7341,13424,31.0545,-97.5635,,0.0
2020-04-13,Wyoming,275,1,138,136,42.756,-107.3025,,0.0
2020-04-22,Utah,3445,32,970,2443,40.15,-111.8624,,0.0
2020-04-22,Vermont,823,40,1710,-927,44.0459,-72.7107,,0.0
2020-04-22,Virgin Islands,54,3,48,3,18.3358,-64.8963,,0.0
2020-04-22,Virginia,10266,349,1497,8420,37.7693,-78.17,,0.0
2020-04-22,Washington,12596,686,0,11910,47.4009,-121.4905,,0.0
2020-04-22,West Virginia,939,27,330,582,38.4912,-80.9545,,0.0
2020-04-22,Wisconsin,4845,248,0,4597,44.2685,-89.6165,,0.0
2020-04-22,Wyoming,447,6,254,187,42.756,-107.3025,,0.0
2020-04-22,Recovered,0,0,77366,-77366,,,,0.0
2020-04-17,Alabama,4571,148,0,4423,32.3182,-86.9023,,0.0
2020-04-17,Alaska,309,9,128,172,61.3707,-152.4044,,0.0
2020-04-17,American Samoa,0,0,0,0,-14.270999999999999,-170.132,,0.0
2020-04-17,Arizona,4511,169,539,3803,33.7298,-111.4312,,0.0
2020-04-17,Arkansas,1695,37,593,1065,34.9697,-92.3731,,0.0
2020-04-17,California,29157,1037,0,28120,36.1162,-119.6816,,0.0
2020-04-17,Colorado,8691,372,0,8319,39.0598,-105.3111,,0.0
2020-04-17,Connecticut,16809,1036,0,15773,41.5978,-72.7554,,0.0
2020-04-17,Delaware,2317,61,378,1878,39.3185,-75.5071,,0.0
2020-04-17,Diamond Princess,49,0,0,49,,,,0.0
2020-04-17,District of Columbia,2476,86,573,1817,38.8974,-77.0268,,0.0
2020-04-17,Florida,24759,725,0,24034,27.7663,-81.6868,,0.0
2020-04-17,Georgia,17194,650,0,16544,33.0406,-83.6431,,0.0
2020-04-17,Grand Princess,103,0,0,103,,,,0.0
2020-04-17,Guam,136,5,97,34,13.4443,144.7937,,0.0
2020-04-17,Hawaii,541,9,374,158,21.0943,-157.4983,,0.0
2020-04-17,Idaho,1609,41,390,1178,44.2405,-114.4788,,0.0
2020-04-17,Illinois,27578,1132,0,26446,40.3495,-88.9861,,0.0
2020-04-17,Indiana,10154,522,0,9632,39.8494,-86.2583,,0.0
2020-04-17,Iowa,2332,64,1007,1261,42.0115,-93.2105,,0.0
2020-04-17,Kansas,1730,82,0,1648,38.5266,-96.7265,,0.0
2020-04-17,Kentucky,2522,137,956,1429,37.6681,-84.6701,,0.0
2020-04-17,Louisiana,23118,1213,0,21905,31.1695,-91.8678,,0.0
2020-04-17,Maine,827,29,352,446,44.6939,-69.3819,,0.0
2020-04-17,Maryland,11572,334,736,10502,39.0639,-76.8021,,0.0
2020-04-17,Massachusetts,34402,1245,0,33157,42.2302,-71.5301,,0.0
2020-04-17,Michigan,30023,2227,629,27167,43.3266,-84.5361,,0.0
2020-04-17,Minnesota,2070,111,1066,893,45.6945,-93.9002,,0.0
2020-04-17,Mississippi,3793,140,0,3653,32.7416,-89.6787,,0.0
2020-04-17,Missouri,5371,184,0,5187,38.4561,-92.2884,,0.0
2020-04-17,Montana,422,8,233,181,46.9219,-110.4544,,0.0
2020-04-17,Nebraska,1066,24,0,1042,41.1254,-98.2681,,0.0
2020-04-17,Nevada,3524,142,0,3382,38.3135,-117.0554,,0.0
2020-04-17,New Hampshire,1287,37,455,795,43.4525,-71.5639,,0.0
2020-04-17,New Jersey,78467,3840,0,74627,40.2989,-74.521,,0.0
2020-04-17,New Mexico,1597,44,353,1200,34.8405,-106.2485,,0.0
2020-04-17,New York,230597,17131,23887,189579,42.1657,-74.9481,,0.0
2020-04-17,North Carolina,6045,177,0,5868,35.6301,-79.8064,,0.0
2020-04-17,North Dakota,393,9,172,212,47.5289,-99.78399999999999,,0.0
2020-04-17,Northern Mariana Islands,13,2,0,11,15.0979,145.6739,,0.0
2020-04-17,Ohio,9107,418,0,8689,40.3888,-82.7649,,0.0
2020-04-17,Oklahoma,2465,136,1331,998,35.5653,-96.9289,,0.0
2020-04-17,Oregon,1785,70,0,1715,44.571999999999996,-122.0709,,0.0
2020-04-17,Pennsylvania,29888,921,0,28967,40.5908,-77.2098,,0.0
2020-04-17,Puerto Rico,1068,58,0,1010,18.2208,-66.5901,,0.0
2020-04-17,Rhode Island,4177,118,196,3863,41.6809,-71.5118,,0.0
2020-04-17,South Carolina,4099,116,0,3983,33.8569,-80.945,,0.0
2020-04-17,South Dakota,1411,7,457,947,44.2998,-99.4388,,0.0
2020-04-17,Tennessee,6263,141,3017,3105,35.7478,-86.6923,,0.0
2020-04-17,Texas,17849,451,4190,13208,31.0545,-97.5635,,0.0
2020-04-17,Utah,2793,23,443,2327,40.15,-111.8624,,0.0
2020-04-17,Vermont,779,35,15,729,44.0459,-72.7107,,0.0
2020-04-17,Virgin Islands,51,2,46,3,18.3358,-64.8963,,0.0
2020-04-17,Virginia,7491,231,1110,6150,37.7693,-78.17,,0.0
2020-04-17,Washington,11517,603,0,10914,47.4009,-121.4905,,0.0
2020-04-17,West Virginia,775,16,223,536,38.4912,-80.9545,,0.0
2020-04-17,Wisconsin,4053,206,0,3847,44.2685,-89.6165,,0.0
2020-04-17,Wyoming,305,2,148,155,42.756,-107.3025,,0.0
2020-04-17,Recovered,0,0,58545,-58545,,,,0.0
2020-05-10,Alabama,9889,393,0,9496,32.3182,-86.9023,,0.0
2020-05-10,Alaska,379,10,324,45,61.3707,-152.4044,,0.0
2020-05-10,American Samoa,0,0,0,0,-14.270999999999999,-170.132,,0.0
2020-05-10,Arizona,11119,536,2775,7808,33.7298,-111.4312,,0.0
2020-05-10,Arkansas,4012,91,2968,953,34.9697,-92.3731,,0.0
2020-05-10,California,67600,2716,0,64884,36.1162,-119.6816,,0.0
2020-05-10,Colorado,19703,971,3023,15709,39.0598,-105.3111,,0.0
2020-05-10,Connecticut,33554,2967,5413,25174,41.5978,-72.7554,,0.0
2020-05-10,Delaware,6277,221,2537,3519,39.3185,-75.5071,,0.0
2020-05-10,Diamond Princess,49,0,0,49,,,,0.0
2020-05-10,District of Columbia,6272,323,880,5069,38.8974,-77.0268,,0.0
2020-05-10,Florida,40596,1721,0,38875,27.7663,-81.6868,,0.0
2020-05-10,Georgia,33580,1406,0,32174,33.0406,-83.6431,,0.0
2020-05-10,Grand Princess,103,3,0,100,,,,0.0
2020-05-10,Guam,151,5,124,22,13.4443,144.7937,,0.0
2020-05-10,Hawaii,632,17,551,64,21.0943,-157.4983,,0.0
2020-05-10,Idaho,2230,67,1473,690,44.2405,-114.4788,,0.0
2020-05-10,Illinois,77741,3406,0,74335,40.3495,-88.9861,,0.0
2020-05-10,Indiana,24126,1508,0,22618,39.8494,-86.2583,,0.0
2020-05-10,Iowa,11959,265,5154,6540,42.0115,-93.2105,,0.0
2020-05-10,Kansas,6951,174,371,6406,38.5266,-96.7265,,0.0
2020-05-10,Kentucky,6440,304,2308,3828,37.6681,-84.6701,,0.0
2020-05-10,Louisiana,31600,2286,20316,8998,31.1695,-91.8678,,0.0
2020-05-10,Maine,1436,64,861,511,44.6939,-69.3819,,0.0
2020-05-10,Maryland,32587,1644,2293,28650,39.0639,-76.8021,,0.0
2020-05-10,Massachusetts,77793,4979,0,72814,42.2302,-71.5301,,0.0
2020-05-10,Michigan,47182,4555,22686,19941,43.3266,-84.5361,,0.0
2020-05-10,Minnesota,11271,578,6882,3811,45.6945,-93.9002,,0.0
2020-05-10,Mississippi,9501,430,4421,4650,32.7416,-89.6787,,0.0
2020-05-10,Missouri,10068,503,0,9565,38.4561,-92.2884,,0.0
2020-05-10,Montana,458,16,422,20,46.9219,-110.4544,,0.0
2020-05-10,Nebraska,8171,90,0,8081,41.1254,-98.2681,,0.0
2020-05-10,Nevada,6120,310,182,5628,38.3135,-117.0554,,0.0
2020-05-10,New Hampshire,3071,133,1228,1710,43.4525,-71.5639,,0.0
2020-05-10,New Jersey,138754,9256,15642,113856,40.2989,-74.521,,0.0
2020-05-10,New Mexico,4863,200,1268,3395,34.8405,-106.2485,,0.0
2020-05-10,New York,335395,26641,58006,250748,42.1657,-74.9481,,0.0
2020-05-10,North Carolina,14938,564,0,14374,35.6301,-79.8064,,0.0
2020-05-10,North Dakota,1491,35,792,664,47.5289,-99.78399999999999,,0.0
2020-05-10,Northern Mariana Islands,16,2,12,2,15.0979,145.6739,,0.0
2020-05-10,Ohio,24081,1341,0,22740,40.3888,-82.7649,,0.0
2020-05-10,Oklahoma,4589,272,3204,1113,35.5653,-96.9289,,0.0
2020-05-10,Oregon,3228,127,1125,1976,44.571999999999996,-122.0709,,0.0
2020-05-10,Pennsylvania,59939,3806,0,56133,40.5908,-77.2098,,0.0
2020-05-10,Puerto Rico,2198,111,0,2087,18.2208,-66.5901,,0.0
2020-05-10,Rhode Island,11274,422,809,10043,41.6809,-71.5118,,0.0
2020-05-10,South Carolina,7653,331,4120,3202,33.8569,-80.945,,0.0
2020-05-10,South Dakota,3517,34,2147,1336,44.2998,-99.4388,,0.0
2020-05-10,Tennessee,14985,243,7528,7214,35.7478,-86.6923,,0.0
2020-05-10,Texas,39258,1094,21022,17142,31.0545,-97.5635,,0.0
2020-05-10,Utah,6251,67,3033,3151,40.15,-111.8624,,0.0
2020-05-10,Vermont,927,53,777,97,44.0459,-72.7107,,0.0
2020-05-10,Virgin Islands,69,4,59,6,18.3358,-64.8963,,0.0
2020-05-10,Virginia,24081,839,3201,20041,37.7693,-78.17,,0.0
2020-05-10,Washington,16891,931,0,15960,47.4009,-121.4905,,0.0
2020-05-10,West Virginia,1360,54,775,531,38.4912,-80.9545,,0.0
2020-05-10,Wisconsin,10219,400,5014,4805,44.2685,-89.6165,,0.0
2020-05-10,Wyoming,662,7,443,212,42.756,-107.3025,,0.0
2020-05-06,Alabama,8691,343,0,8348,32.3182,-86.9023,,0.0
2020-05-06,Alaska,372,10,284,78,61.3707,-152.4044,,0.0
2020-05-06,American Samoa,0,0,0,0,-14.270999999999999,-170.132,,0.0
2020-05-06,Arizona,9707,426,1693,7588,33.7298,-111.4312,,0.0
2020-05-06,Arkansas,3611,87,2109,1415,34.9697,-92.3731,,0.0
2020-05-06,California,60616,2464,0,58152,36.1162,-119.6816,,0.0
2020-05-06,Colorado,17832,919,2801,14112,39.0598,-105.3111,,0.0
2020-05-06,Connecticut,30995,2718,4346,23931,41.5978,-72.7554,,0.0
2020-05-06,Delaware,5778,193,2008,3577,39.3185,-75.5071,,0.0
2020-05-06,Diamond Princess,49,0,0,49,,,,0.0
2020-05-06,District of Columbia,5461,277,808,4376,38.8974,-77.0268,,0.0
2020-05-06,Florida,38002,1539,0,36463,27.7663,-81.6868,,0.0
2020-05-06,Georgia,30743,1327,0,29416,33.0406,-83.6431,,0.0
2020-05-06,Grand Princess,103,3,0,100,,,,0.0
2020-05-06,Guam,149,5,123,21,13.4443,144.7937,,0.0
2020-05-06,Hawaii,626,17,551,58,21.0943,-157.4983,,0.0
2020-05-06,Idaho,2158,66,1379,713,44.2405,-114.4788,,0.0
2020-05-06,Illinois,68232,2974,0,65258,40.3495,-88.9861,,0.0
2020-05-06,Indiana,21870,1377,0,20493,39.8494,-86.2583,,0.0
2020-05-06,Iowa,10404,219,3803,6382,42.0115,-93.2105,,0.0
2020-05-06,Kansas,5993,164,318,5511,38.5266,-96.7265,,0.0
2020-05-06,Kentucky,5934,283,2058,3593,37.6681,-84.6701,,0.0
2020-05-06,Louisiana,30399,2167,20316,7916,31.1695,-91.8678,,0.0
2020-05-06,Maine,1254,62,766,426,44.6939,-69.3819,,0.0
2020-05-06,Maryland,28163,1437,1903,24823,39.0639,-76.8021,,0.0
2020-05-06,Massachusetts,72025,4420,0,67605,42.2302,-71.5301,,0.0
2020-05-06,Michigan,45179,4256,15659,25264,43.3266,-84.5361,,0.0
2020-05-06,Minnesota,8579,485,5005,3089,45.6945,-93.9002,,0.0
2020-05-06,Mississippi,8424,374,4421,3629,32.7416,-89.6787,,0.0
2020-05-06,Missouri,9323,428,0,8895,38.4561,-92.2884,,0.0
2020-05-06,Montana,456,16,417,23,46.9219,-110.4544,,0.0
2020-05-06,Nebraska,6689,78,0,6611,41.1254,-98.2681,,0.0
2020-05-06,Nevada,5741,289,203,5249,38.3135,-117.0554,,0.0
2020-05-06,New Hampshire,2741,92,1105,1544,43.4525,-71.5639,,0.0
2020-05-06,New Jersey,131890,8549,15642,107699,40.2989,-74.521,,0.0
2020-05-06,New Mexico,4291,169,964,3158,34.8405,-106.2485,,0.0
2020-05-06,New York,323978,25623,54597,243758,42.1657,-74.9481,,0.0
2020-05-06,North Carolina,13053,492,0,12561,35.6301,-79.8064,,0.0
2020-05-06,North Dakota,1323,31,582,710,47.5289,-99.78399999999999,,0.0
2020-05-06,Northern Mariana Islands,15,2,12,1,15.0979,145.6739,,0.0
2020-05-06,Ohio,21576,1225,0,20351,40.3888,-82.7649,,0.0
2020-05-06,Oklahoma,4202,253,2909,1040,35.5653,-96.9289,,0.0
2020-05-06,Oregon,2916,115,1125,1676,44.571999999999996,-122.0709,,0.0
2020-05-06,Pennsylvania,54800,3345,0,51455,40.5908,-77.2098,,0.0
2020-05-06,Puerto Rico,1968,99,0,1869,18.2208,-66.5901,,0.0
2020-05-06,Rhode Island,10205,370,665,9170,41.6809,-71.5118,,0.0
2020-05-06,South Carolina,6936,305,3816,2815,33.8569,-80.945,,0.0
2020-05-06,South Dakota,2780,29,1977,774,44.2998,-99.4388,,0.0
2020-05-06,Tennessee,13938,239,6564,7135,35.7478,-86.6923,,0.0
2020-05-06,Texas,34928,954,17622,16352,31.0545,-97.5635,,0.0
2020-05-06,Utah,5595,58,2509,3028,40.15,-111.8624,,0.0
2020-05-06,Vermont,908,52,706,150,44.0459,-72.7107,,0.0
2020-05-06,Virgin Islands,66,4,54,8,18.3358,-64.8963,,0.0
2020-05-06,Virginia,20257,713,2617,16927,37.7693,-78.17,,0.0
2020-05-06,Washington,15905,870,0,15035,47.4009,-121.4905,,0.0
2020-05-06,West Virginia,1242,50,716,476,38.4912,-80.9545,,0.0
2020-05-06,Wisconsin,8901,362,4348,4191,44.2685,-89.6165,,0.0
2020-05-06,Wyoming,631,7,409,215,42.756,-107.3025,,0.0
2020-04-21,Alabama,5317,183,0,5134,32.3182,-86.9023,,0.0
2020-04-21,Alaska,329,9,168,152,61.3707,-152.4044,,0.0
2020-04-21,American Samoa,0,0,0,0,-14.270999999999999,-170.132,,0.0
2020-04-21,Arizona,5256,208,1155,3893,33.7298,-111.4312,,0.0
2020-04-21,Arkansas,1990,42,809,1139,34.9697,-92.3731,,0.0
2020-04-21,California,35465,1282,0,34183,36.1162,-119.6816,,0.0
2020-04-21,Colorado,10473,483,0,9990,39.0598,-105.3111,,0.0
2020-04-21,Connecticut,20360,1423,0,18937,41.5978,-72.7554,,0.0
2020-04-21,Delaware,2931,82,565,2284,39.3185,-75.5071,,0.0
2020-04-21,Diamond Princess,49,0,0,49,,,,0.0
2020-04-21,District of Columbia,3098,112,636,2350,38.8974,-77.0268,,0.0
2020-04-21,Florida,27869,867,0,27002,27.7663,-81.6868,,0.0
2020-04-21,Georgia,19881,798,0,19083,33.0406,-83.6431,,0.0
2020-04-21,Grand Princess,103,0,0,103,,,,0.0
2020-04-21,Guam,136,5,114,17,13.4443,144.7937,,0.0
2020-04-21,Hawaii,586,10,423,153,21.0943,-157.4983,,0.0
2020-04-21,Idaho,1736,48,660,1028,44.2405,-114.4788,,0.0
2020-04-21,Illinois,33059,1468,0,31591,40.3495,-88.9861,,0.0
2020-04-21,Indiana,12097,635,0,11462,39.8494,-86.2583,,0.0
2020-04-21,Iowa,3641,83,1293,2265,42.0115,-93.2105,,0.0
2020-04-21,Kansas,2164,109,0,2055,38.5266,-96.7265,,0.0
2020-04-21,Kentucky,3204,171,1174,1859,37.6681,-84.6701,,0.0
2020-04-21,Louisiana,24854,1405,0,23449,31.1695,-91.8678,,0.0
2020-04-21,Maine,888,36,443,409,44.6939,-69.3819,,0.0
2020-04-21,Maryland,14193,652,930,12611,39.0639,-76.8021,,0.0
2020-04-21,Massachusetts,41199,1961,0,39238,42.2302,-71.5301,,0.0
2020-04-21,Michigan,32667,2575,3237,26855,43.3266,-84.5361,,0.0
2020-04-21,Minnesota,2567,160,1254,1153,45.6945,-93.9002,,0.0
2020-04-21,Mississippi,4716,183,0,4533,32.7416,-89.6787,,0.0
2020-04-21,Missouri,6066,224,0,5842,38.4561,-92.2884,,0.0
2020-04-21,Montana,437,12,273,152,46.9219,-110.4544,,0.0
2020-04-21,Nebraska,1685,33,0,1652,41.1254,-98.2681,,0.0
2020-04-21,Nevada,3937,163,0,3774,38.3135,-117.0554,,0.0
2020-04-21,New Hampshire,1490,42,521,927,43.4525,-71.5639,,0.0
2020-04-21,New Jersey,92387,4753,0,87634,40.2989,-74.521,,0.0
2020-04-21,New Mexico,1971,58,501,1412,34.8405,-106.2485,,0.0
2020-04-21,New York,258361,19104,23887,215370,42.1657,-74.9481,,0.0
2020-04-21,North Carolina,7134,245,0,6889,35.6301,-79.8064,,0.0
2020-04-21,North Dakota,644,13,214,417,47.5289,-99.78399999999999,,0.0
2020-04-21,Northern Mariana Islands,14,2,11,1,15.0979,145.6739,,0.0
2020-04-21,Ohio,13725,557,0,13168,40.3888,-82.7649,,0.0
2020-04-21,Oklahoma,2807,164,1702,941,35.5653,-96.9289,,0.0
2020-04-21,Oregon,2004,78,0,1926,44.571999999999996,-122.0709,,0.0
2020-04-21,Pennsylvania,35249,1614,0,33635,40.5908,-77.2098,,0.0
2020-04-21,Puerto Rico,1298,64,0,1234,18.2208,-66.5901,,0.0
2020-04-21,Rhode Island,5500,171,315,5014,41.6809,-71.5118,,0.0
2020-04-21,South Carolina,4439,124,2063,2252,33.8569,-80.945,,0.0
2020-04-21,South Dakota,1755,8,824,923,44.2998,-99.4388,,0.0
2020-04-21,Tennessee,7394,157,3828,3409,35.7478,-86.6923,,0.0
2020-04-21,Texas,20574,533,6486,13555,31.0545,-97.5635,,0.0
2020-04-21,Utah,3297,32,888,2377,40.15,-111.8624,,0.0
2020-04-21,Vermont,818,40,1710,-932,44.0459,-72.7107,,0.0
2020-04-21,Virgin Islands,53,3,48,2,18.3358,-64.8963,,0.0
2020-04-21,Virginia,9630,324,1418,7888,37.7693,-78.17,,0.0
2020-04-21,Washington,12392,664,0,11728,47.4009,-121.4905,,0.0
2020-04-21,West Virginia,908,26,330,552,38.4912,-80.9545,,0.0
2020-04-21,Wisconsin,4625,244,0,4381,44.2685,-89.6165,,0.0
2020-04-21,Wyoming,443,2,237,204,42.756,-107.3025,,0.0
2020-04-21,Recovered,0,0,75204,-75204,,,,0.0
2020-04-24,Alabama,6026,209,0,5817,32.3182,-86.9023,,0.0
2020-04-24,Alaska,339,9,208,122,61.3707,-152.4044,19.764011799410028,19.8
2020-04-24,American Samoa,0,0,0,0,-14.270999999999999,-170.132,,0.0
2020-04-24,Arizona,6045,266,1313,4466,33.7298,-111.4312,,0.0
2020-04-24,Arkansas,2810,47,929,1834,34.9697,-92.3731,54.44839857651245,54.4
2020-04-24,California,41355,1621,0,39734,36.1162,-119.6816,,0.0
2020-04-24,Colorado,12256,674,0,11582,39.0598,-105.3111,,0.0
2020-04-24,Connecticut,23936,1767,0,22169,41.5978,-72.7554,,0.0
2020-04-24,Delaware,3442,100,703,2639,39.3185,-75.5071,52.78907611853573,52.8
2020-04-24,Diamond Princess,49,0,0,49,,,,0.0
2020-04-24,District of Columbia,3528,153,651,2724,38.8974,-77.0268,,0.0
2020-04-24,Florida,30533,1046,0,29487,27.7663,-81.6868,,0.0
2020-04-24,Georgia,22491,899,0,21592,33.0406,-83.6431,,0.0
2020-04-24,Grand Princess,103,3,0,100,,,,0.0
2020-04-24,Guam,141,5,126,10,13.4443,144.7937,5.673758865248227,5.7
2020-04-24,Hawaii,601,13,463,125,21.0943,-157.4983,16.97171381031614,17.0
2020-04-24,Idaho,1870,54,867,949,44.2405,-114.4788,,0.0
2020-04-24,Illinois,39658,1795,0,37863,40.3495,-88.9861,,0.0
2020-04-24,Indiana,13681,741,0,12940,39.8494,-86.2583,,0.0
2020-04-24,Iowa,4445,107,1604,2734,42.0115,-93.2105,64.29696287964005,64.3
2020-04-24,Kansas,2959,118,0,2841,38.5266,-96.7265,,0.0
2020-04-24,Kentucky,3779,200,1341,2238,37.6681,-84.6701,48.055041016141836,48.1
2020-04-24,Louisiana,26140,1660,14927,9553,31.1695,-91.8678,,0.0
2020-04-24,Maine,965,47,499,419,44.6939,-69.3819,34.40414507772021,34.4
2020-04-24,Maryland,16616,798,1108,14710,39.0639,-76.8021,50.49951853635051,50.5
2020-04-24,Massachusetts,50969,2556,0,48413,42.2302,-71.5301,,0.0
2020-04-24,Michigan,36641,3085,3237,30319,43.3266,-84.5361,33.83368357850495,33.8
2020-04-24,Minnesota,3185,221,1594,1370,45.6945,-93.9002,49.10518053375196,49.1
2020-04-24,Mississippi,5434,209,0,5225,32.7416,-89.6787,,0.0
2020-04-24,Missouri,6788,272,0,6516,38.4561,-92.2884,,0.0
2020-04-24,Montana,444,14,325,105,46.9219,-110.4544,12.837837837837839,12.8
2020-04-24,Nebraska,2424,50,0,2374,41.1254,-98.2681,,0.0
2020-04-24,Nevada,4398,197,0,4201,38.3135,-117.0554,,0.0
2020-04-24,New Hampshire,1720,53,578,1089,43.4525,-71.5639,45.98837209302326,46.0
2020-04-24,New Jersey,102196,5683,0,96513,40.2989,-74.521,,0.0
2020-04-24,New Mexico,2521,84,614,1823,34.8405,-106.2485,50.61483538278461,50.6
2020-04-24,New York,271590,21411,23887,226292,42.1657,-74.9481,30.39765823483928,30.4
2020-04-24,North Carolina,8290,294,0,7996,35.6301,-79.8064,,0.0
2020-04-24,North Dakota,748,15,285,448,47.5289,-99.78399999999999,58.8235294117647,58.8
2020-04-24,Northern Mariana Islands,14,2,11,1,15.0979,145.6739,,0.0
2020-04-24,Ohio,15169,690,0,14479,40.3888,-82.7649,,0.0
2020-04-24,Oklahoma,3121,188,1961,972,35.5653,-96.9289,36.8792053828901,36.9
2020-04-24,Oregon,2177,86,0,2091,44.571999999999996,-122.0709,,0.0
2020-04-24,Pennsylvania,40208,1747,0,38461,40.5908,-77.2098,,0.0
2020-04-24,Puerto Rico,1276,77,0,1199,18.2208,-66.5901,,0.0
2020-04-24,Rhode Island,6699,202,377,6120,41.6809,-71.5118,60.21794297656366,60.2
2020-04-24,South Carolina,5070,157,3701,1212,33.8569,-80.945,,0.0
2020-04-24,South Dakota,2040,10,1190,840,44.2998,-99.4388,64.2156862745098,64.2
2020-04-24,Tennessee,8728,169,4370,4189,35.7478,-86.6923,36.89275893675527,36.9
2020-04-24,Texas,23642,624,9156,13862,31.0545,-97.5635,42.149564334658656,42.1
2020-04-24,Utah,3782,39,1252,2491,40.15,-111.8624,,0.0
2020-04-24,Vermont,827,44,1710,-927,44.0459,-72.7107,12.091898428053204,12.1
2020-04-24,Virgin Islands,54,3,50,1,18.3358,-64.8963,,0.0
2020-04-24,Virginia,11594,411,1672,9511,37.7693,-78.17,,0.0
2020-04-24,Washington,12977,722,0,12255,47.4009,-121.4905,,0.0
2020-04-24,West Virginia,1010,32,439,539,38.4912,-80.9545,41.28712871287129,41.3
2020-04-24,Wisconsin,5356,263,0,5093,44.2685,-89.6165,,0.0
2020-04-24,Wyoming,473,7,321,145,42.756,-107.3025,42.91754756871036,42.9
2020-04-24,Recovered,0,0,99079,-99079,,,,0.0
2020-04-27,Alabama,6539,228,0,6311,32.3182,-86.9023,,0.0
2020-04-27,Alaska,345,9,218,118,61.3707,-152.4044,19.71014492753623,19.7
2020-04-27,American Samoa,0,0,0,0,-14.270999999999999,-170.132,,0.0
2020-04-27,Arizona,6725,275,1418,5032,33.7298,-111.4312,,0.0
2020-04-27,Arkansas,3069,51,987,2031,34.9697,-92.3731,54.05669599217986,54.1
2020-04-27,California,44966,1779,0,43187,36.1162,-119.6816,,0.0
2020-04-27,Colorado,13879,706,2150,11023,39.0598,-105.3111,,0.0
2020-04-27,Connecticut,25997,2012,0,23985,41.5978,-72.7554,,0.0
2020-04-27,Delaware,4162,125,996,3041,39.3185,-75.5071,57.760691975012016,57.8
2020-04-27,Diamond Princess,49,0,0,49,,,,0.0
2020-04-27,District of Columbia,3892,185,659,3048,38.8974,-77.0268,,0.0
2020-04-27,Florida,32138,1088,0,31050,27.7663,-81.6868,,0.0
2020-04-27,Georgia,24302,995,0,23307,33.0406,-83.6431,,0.0
2020-04-27,Grand Princess,103,3,0,100,,,,0.0
2020-04-27,Guam,141,5,128,8,13.4443,144.7937,5.673758865248227,5.7
2020-04-27,Hawaii,607,16,488,103,21.0943,-157.4983,16.968698517298186,17.0
2020-04-27,Idaho,1897,56,983,858,44.2405,-114.4788,,0.0
2020-04-27,Illinois,45883,1983,0,43900,40.3495,-88.9861,,0.0
2020-04-27,Indiana,15961,844,0,15117,39.8494,-86.2583,,0.0
2020-04-27,Iowa,5868,127,2021,3720,42.0115,-93.2105,70.85889570552148,70.9
2020-04-27,Kansas,3473,126,0,3347,38.5266,-96.7265,,0.0
2020-04-27,Kentucky,4156,213,1511,2432,37.6681,-84.6701,51.443695861405196,51.4
2020-04-27,Louisiana,27068,1740,17303,8025,31.1695,-91.8678,,0.0
2020-04-27,Maine,1023,51,549,423,44.6939,-69.3819,31.76930596285435,31.8
2020-04-27,Maryland,19487,945,1263,17279,39.0639,-76.8021,54.14378816646995,54.1
2020-04-27,Massachusetts,56462,3003,0,53459,42.2302,-71.5301,,0.0
2020-04-27,Michigan,38210,3407,8342,26461,43.3266,-84.5361,32.9102329233185,32.9
2020-04-27,Minnesota,3811,286,1842,1683,45.6945,-93.9002,57.46523222251378,57.5
2020-04-27,Mississippi,6094,229,0,5865,32.7416,-89.6787,,0.0
2020-04-27,Missouri,7305,343,0,6962,38.4561,-92.2884,,0.0
2020-04-27,Montana,449,14,352,83,46.9219,-110.4544,12.249443207126948,12.2
2020-04-27,Nebraska,3358,56,0,3302,41.1254,-98.2681,,0.0
2020-04-27,Nevada,4700,206,0,4494,38.3135,-117.0554,,0.0
2020-04-27,New Hampshire,1938,60,779,1099,43.4525,-71.5639,49.17440660474716,49.2
2020-04-27,New Jersey,111188,6044,0,105144,40.2989,-74.521,,0.0
2020-04-27,New Mexico,2825,99,650,2076,34.8405,-106.2485,55.32743362831859,55.3
2020-04-27,New York,291996,22668,23887,245441,42.1657,-74.9481,32.96175290072467,33.0
2020-04-27,North Carolina,9428,340,0,9088,35.6301,-79.8064,,0.0
2020-04-27,North Dakota,942,19,350,573,47.5289,-99.78399999999999,64.8619957537155,64.9
2020-04-27,Northern Mariana Islands,14,2,11,1,15.0979,145.6739,,0.0
2020-04-27,Ohio,16325,753,0,15572,40.3888,-82.7649,,0.0
2020-04-27,Oklahoma,3281,197,2167,917,35.5653,-96.9289,36.939957330082294,36.9
2020-04-27,Oregon,2354,92,0,2262,44.571999999999996,-122.0709,,0.0
2020-04-27,Pennsylvania,43558,1886,0,41672,40.5908,-77.2098,,0.0
2020-04-27,Puerto Rico,1389,84,0,1305,18.2208,-66.5901,,0.0
2020-04-27,Rhode Island,7708,233,452,7023,41.6809,-71.5118,65.42553191489361,65.4
2020-04-27,South Carolina,5613,177,3701,1735,33.8569,-80.945,,0.0
2020-04-27,South Dakota,2244,11,1316,917,44.2998,-99.4388,61.31907308377897,61.3
2020-04-27,Tennessee,9918,184,4720,5014,35.7478,-86.6923,43.43617664851784,43.4
2020-04-27,Texas,25321,666,11170,13485,31.0545,-97.5635,43.62386951542198,43.6
2020-04-27,Utah,4236,41,1641,2554,40.15,-111.8624,,0.0
2020-04-27,Vermont,855,47,0,808,44.0459,-72.7107,12.514619883040936,12.5
2020-04-27,Virgin Islands,57,4,51,2,18.3358,-64.8963,,0.0
2020-04-27,Virginia,13538,460,1843,11235,37.7693,-78.17,,0.0
2020-04-27,Washington,13686,764,0,12922,47.4009,-121.4905,,0.0
2020-04-27,West Virginia,1063,34,455,574,38.4912,-80.9545,42.5211665098777,42.5
2020-04-27,Wisconsin,6081,281,0,5800,44.2685,-89.6165,,0.0
2020-04-27,Wyoming,520,7,342,171,42.756,-107.3025,47.11538461538461,47.1
2020-04-27,Recovered,0,0,111424,-111424,,,,0.0
2020-05-09,Alabama,9668,390,0,9278,32.3182,-86.9023,42.14935870914356,42.1
2020-05-09,Alaska,378,10,318,50,61.3707,-152.4044,11.375661375661375,11.4
2020-05-09,American Samoa,0,0,0,0,-14.270999999999999,-170.132,,0.0
2020-05-09,Arizona,10960,532,2684,7744,33.7298,-111.4312,50.06386861313869,50.1
2020-05-09,Arkansas,3747,88,2968,691,34.9697,-92.3731,39.2580731251668,39.3
2020-05-09,California,66558,2687,0,63871,36.1162,-119.6816,43.8925448481024,43.9
2020-05-09,Colorado,19375,967,2974,15434,39.0598,-105.3111,43.788387096774194,43.8
2020-05-09,Connecticut,32984,2932,5413,24639,41.5978,-72.7554,31.879092893524135,31.9
2020-05-09,Delaware,6277,221,2450,3606,39.3185,-75.5071,49.02023259518879,49.0
2020-05-09,Diamond Princess,49,0,0,49,,,0.0,0.0
2020-05-09,District of Columbia,6102,311,879,4912,38.8974,-77.0268,47.459849229760735,47.5
2020-05-09,Florida,40001,1715,0,38286,27.7663,-81.6868,29.229269268268293,29.2
2020-05-09,Georgia,32588,1403,0,31185,33.0406,-83.6431,34.90241806800049,34.9
2020-05-09,Grand Princess,103,3,0,100,,,0.0,0.0
2020-05-09,Guam,151,5,124,22,13.4443,144.7937,9.933774834437086,9.9
2020-05-09,Hawaii,631,17,566,48,21.0943,-157.4983,6.180665610142631,6.2
2020-05-09,Idaho,2205,67,1442,696,44.2405,-114.4788,19.909297052154194,19.9
2020-05-09,Illinois,76085,3349,0,72736,40.3495,-88.9861,53.85818492475521,53.9
2020-05-09,Indiana,23732,1490,0,22242,39.8494,-86.2583,47.58975223327153,47.6
2020-05-09,Iowa,11671,252,5011,6408,42.0115,-93.2105,67.88621369205724,67.9
2020-05-09,Kansas,6829,174,350,6305,38.5266,-96.7265,65.86615902767609,65.9
2020-05-09,Kentucky,6440,304,2266,3870,37.6681,-84.6701,47.546583850931675,47.5
2020-05-09,Louisiana,31417,2267,20316,8834,31.1695,-91.8678,19.604036031447944,19.6
2020-05-09,Maine,1408,64,857,487,44.6939,-69.3819,35.58238636363637,35.6
2020-05-09,Maryland,31534,1614,2159,27761,39.0639,-76.8021,53.145810870806116,53.1
2020-05-09,Massachusetts,76743,4840,0,71903,42.2302,-71.5301,44.04180185814993,44.0
2020-05-09,Michigan,46815,4530,22686,19599,43.3266,-84.5361,27.446331304069208,27.4
2020-05-09,Minnesota,10790,558,6322,3910,45.6945,-93.9002,74.77293790546803,74.8
2020-05-09,Mississippi,9378,421,4421,4536,32.7416,-89.6787,47.81403284282363,47.8
2020-05-09,Missouri,9911,494,0,9417,38.4561,-92.2884,36.666330340026235,36.7
2020-05-09,Montana,458,16,422,20,46.9219,-110.4544,4.148471615720524,4.1
2020-05-09,Nebraska,8093,90,0,8003,41.1254,-98.2681,77.5979241319659,77.6
2020-05-09,Nevada,6171,313,205,5653,38.3135,-117.0554,33.8680926916221,33.9
2020-05-09,New Hampshire,3011,131,1210,1670,43.4525,-71.5639,47.26004649618067,47.3
2020-05-09,New Jersey,137397,9116,15642,112639,40.2989,-74.521,30.192071151480746,30.2
2020-05-09,New Mexico,4778,191,1189,3398,34.8405,-106.2485,53.74633737965676,53.7
2020-05-09,New York,333122,26612,57180,249330,42.1657,-74.9481,20.962290091918277,21.0
2020-05-09,North Carolina,14478,551,0,13927,35.6301,-79.8064,48.231799972371874,48.2
2020-05-09,North Dakota,1464,35,762,667,47.5289,-99.78399999999999,53.62021857923497,53.6
2020-05-09,Northern Mariana Islands,16,2,12,2,15.0979,145.6739,12.5,12.5
2020-05-09,Ohio,23697,1331,0,22366,40.3888,-82.7649,40.427058277419086,40.4
2020-05-09,Oklahoma,4490,270,3154,1066,35.5653,-96.9289,35.5456570155902,35.5
2020-05-09,Oregon,3160,127,1125,1908,44.571999999999996,-122.0709,34.84177215189873,34.8
2020-05-09,Pennsylvania,58560,3779,0,54781,40.5908,-77.2098,38.384562841530055,38.4
2020-05-09,Puerto Rico,2173,108,0,2065,18.2208,-66.5901,42.38380119650253,42.4
2020-05-09,Rhode Island,10989,418,772,9799,41.6809,-71.5118,46.846846846846844,46.8
2020-05-09,South Carolina,7531,330,4120,3081,33.8569,-80.945,36.78130394369938,36.8
2020-05-09,South Dakota,3393,34,2125,1234,44.2998,-99.4388,45.24020041261421,45.2
2020-05-09,Tennessee,14768,242,7369,7157,35.7478,-86.6923,49.93228602383532,49.9
2020-05-09,Texas,38394,1066,20141,17187,31.0545,-97.5635,44.467885607126114,44.5
2020-05-09,Utah,6103,66,2901,3136,40.15,-111.8624,43.552351302638044,43.6
2020-05-09,Vermont,921,53,744,124,44.0459,-72.7107,10.640608034744842,10.6
2020-05-09,Virgin Islands,68,4,57,7,18.3358,-64.8963,20.58823529411765,20.6
2020-05-09,Virginia,23196,827,3124,19245,37.7693,-78.17,55.742369374030005,55.7
2020-05-09,Washington,16674,921,0,15753,47.4009,-121.4905,24.457238814921435,24.5
2020-05-09,West Virginia,1323,52,761,510,38.4912,-80.9545,29.024943310657598,29.0
2020-05-09,Wisconsin,9939,398,4875,4666,44.2685,-89.6165,51.252641110775734,51.3
2020-05-09,Wyoming,653,7,438,208,42.756,-107.3025,31.546707503828483,31.5
2020-04-15,Alabama,4075,118,0,3957,32.3182,-86.9023,-12.171779141104295,-12.2
2020-04-15,Alaska,293,9,106,178,61.3707,-152.4044,-5.460750853242321,-5.5
2020-04-15,American Samoa,0,0,0,0,-14.270999999999999,-170.132,,0.0
2020-04-15,Arizona,3964,142,385,3437,33.7298,-111.4312,-13.799192734611504,-13.8
2020-04-15,Arkansas,1569,33,489,1047,34.9697,-92.3731,-8.030592734225621,-8.0
2020-04-15,California,26686,860,0,25826,36.1162,-119.6816,-9.25953683579405,-9.3
2020-04-15,Colorado,7956,328,0,7628,39.0598,-105.3111,-9.238310708898943,-9.2
2020-04-15,Connecticut,14755,868,0,13887,41.5978,-72.7554,-13.920704845814978,-13.9
2020-04-15,Delaware,2014,46,354,1614,39.3185,-75.5071,-15.044687189672294,-15.0
2020-04-15,Diamond Princess,49,0,0,49,,,0.0,0.0
2020-04-15,District of Columbia,2197,72,530,1595,38.8974,-77.0268,-12.699135184342285,-12.7
2020-04-15,Florida,22511,596,0,21915,27.7663,-81.6868,-9.986228954733242,-10.0
2020-04-15,Georgia,14987,552,0,14435,33.0406,-83.6431,-14.726095949823181,-14.7
2020-04-15,Grand Princess,103,0,0,103,,,0.0,0.0
2020-04-15,Guam,135,5,73,57,13.4443,144.7937,-0.7407407407407407,-0.7
2020-04-15,Hawaii,524,9,333,182,21.0943,-157.4983,-3.2442748091603053,-3.2
2020-04-15,Idaho,1473,39,0,1434,44.2405,-114.4788,-9.23285811269518,-9.2
2020-04-15,Illinois,24593,949,0,23644,40.3495,-88.9861,-12.137600130118326,-12.1
2020-04-15,Indiana,8960,436,0,8524,39.8494,-86.2583,-13.325892857142858,-13.3
2020-04-15,Iowa,1995,53,908,1034,42.0115,-93.2105,-16.892230576441104,-16.9
2020-04-15,Kansas,1504,71,0,1433,38.5266,-96.7265,-15.02659574468085,-15.0
2020-04-15,Kentucky,2210,115,653,1442,37.6681,-84.6701,-14.117647058823529,-14.1
2020-04-15,Louisiana,21951,1103,0,20848,31.1695,-91.8678,-5.316386497198305,-5.3
2020-04-15,Maine,770,24,305,441,44.6939,-69.3819,-7.402597402597403,-7.4
2020-04-15,Maryland,10032,311,607,9114,39.0639,-76.8021,-15.350877192982455,-15.4
2020-04-15,Massachusetts,29918,1108,0,28810,42.2302,-71.5301,-14.987632863159302,-15.0
2020-04-15,Michigan,28059,1921,452,25686,43.3266,-84.5361,-6.9995366905449234,-7.0
2020-04-15,Minnesota,1809,87,940,782,45.6945,-93.9002,-14.427860696517413,-14.4
2020-04-15,Mississippi,3360,122,0,3238,32.7416,-89.6787,-12.886904761904763,-12.9
2020-04-15,Missouri,4791,153,0,4638,38.4561,-92.2884,-12.106032143602588,-12.1
2020-04-15,Montana,404,7,209,188,46.9219,-110.4544,-4.455445544554456,-4.5
2020-04-15,Nebraska,901,20,0,881,41.1254,-98.2681,-18.312985571587124,-18.3
2020-04-15,Nevada,3211,131,0,3080,38.3135,-117.0554,-9.747742136406105,-9.7
2020-04-15,New Hampshire,1139,32,365,742,43.4525,-71.5639,-12.993854258121159,-13.0
2020-04-15,New Jersey,71030,3156,0,67874,40.2989,-74.521,-10.470223849077854,-10.5
2020-04-15,New Mexico,1484,36,340,1108,34.8405,-106.2485,-7.61455525606469,-7.6
2020-04-15,New York,214454,11617,23887,178950,42.1657,-74.9481,-7.527488412433436,-7.5
2020-04-15,North Carolina,5340,130,0,5210,35.6301,-79.8064,-13.202247191011235,-13.2
2020-04-15,North Dakota,365,9,142,214,47.5289,-99.78399999999999,-7.671232876712328,-7.7
2020-04-15,Northern Mariana Islands,13,2,0,11,15.0979,145.6739,0.0,0.0
2020-04-15,Ohio,7794,362,0,7432,40.3888,-82.7649,-16.84629201950218,-16.8
2020-04-15,Oklahoma,2263,123,1115,1025,35.5653,-96.9289,-8.926204153778171,-8.9
2020-04-15,Oregon,1663,58,0,1605,44.571999999999996,-122.0709,-7.336139506915213,-7.3
2020-04-15,Pennsylvania,26753,779,0,25974,40.5908,-77.2098,-11.71831196501327,-11.7
2020-04-15,Puerto Rico,974,51,0,923,18.2208,-66.5901,-9.650924024640657,-9.7
2020-04-15,Rhode Island,3251,80,168,3003,41.6809,-71.5118,-28.48354352506921,-28.5
2020-04-15,South Carolina,3656,106,0,3550,33.8569,-80.945,-12.11706783369803,-12.1
2020-04-15,South Dakota,1168,6,329,833,44.2998,-99.4388,-20.804794520547944,-20.8
2020-04-15,Tennessee,5827,124,2196,3507,35.7478,-86.6923,-7.482409473142269,-7.5
2020-04-15,Texas,15907,375,3150,12382,31.0545,-97.5635,-12.20846168353555,-12.2
2020-04-15,Utah,2548,20,218,2310,40.15,-111.8624,-9.615384615384615,-9.6
2020-04-15,Vermont,759,29,15,715,44.0459,-72.7107,-2.635046113306983,-2.6
2020-04-15,Virgin Islands,51,1,44,6,18.3358,-64.8963,0.0,0.0
2020-04-15,Virginia,6500,195,752,5553,37.7693,-78.17,-15.246153846153845,-15.2
2020-04-15,Washington,10942,552,0,10390,47.4009,-121.4905,-5.25498080789618,-5.3
2020-04-15,West Virginia,702,10,211,481,38.4912,-80.9545,-10.398860398860398,-10.4
2020-04-15,Wisconsin,3721,183,0,3538,44.2685,-89.6165,-8.922332706261757,-8.9
2020-04-15,Wyoming,287,1,129,157,42.756,-107.3025,-6.2717770034843205,-6.3
2020-04-15,Recovered,0,0,52096,-52096,,,,0.0
2020-04-30,Alabama,7088,272,0,6816,32.3182,-86.9023,-39.51749435665914,-39.5
2020-04-30,Alaska,355,9,252,94,61.3707,-152.4044,-6.76056338028169,-6.8
2020-04-30,American Samoa,0,0,0,0,-14.270999999999999,-170.132,,0.0
2020-04-30,Arizona,7655,320,1499,5836,33.7298,-111.4312,-45.25146962769432,-45.3
2020-04-30,Arkansas,3281,61,1305,1915,34.9697,-92.3731,-22.27979274611399,-22.3
2020-04-30,California,50130,2031,0,48099,36.1162,-119.6816,-34.84939158188709,-34.8
2020-04-30,Colorado,15284,777,2415,12092,39.0598,-105.3111,-28.912588327662917,-28.9
2020-04-30,Connecticut,27700,2257,0,25443,41.5978,-72.7554,-21.133574007220215,-21.1
2020-04-30,Delaware,4734,152,1275,3307,39.3185,-75.5071,-32.59400084495142,-32.6
2020-04-30,Diamond Princess,49,0,0,49,,,0.0,0.0
2020-04-30,District of Columbia,4323,224,660,3439,38.8974,-77.0268,-45.08443210733287,-45.1
2020-04-30,Florida,33690,1268,0,32422,27.7663,-81.6868,-20.4986642920748,-20.5
2020-04-30,Georgia,26264,1132,0,25132,33.0406,-83.6431,-27.855619859884253,-27.9
2020-04-30,Grand Princess,103,3,0,100,,,0.0,0.0
2020-04-30,Guam,145,5,131,9,13.4443,144.7937,-4.137931034482759,-4.1
2020-04-30,Hawaii,618,16,516,86,21.0943,-157.4983,-2.26537216828479,-2.3
2020-04-30,Idaho,1984,60,1121,803,44.2405,-114.4788,-12.399193548387096,-12.4
2020-04-30,Illinois,52918,2355,0,50563,40.3495,-88.9861,-46.90842435466193,-46.9
2020-04-30,Indiana,17835,1114,0,16721,39.8494,-86.2583,-35.27333894028595,-35.3
2020-04-30,Iowa,7145,162,2697,4286,42.0115,-93.2105,-67.37578726382085,-67.4
2020-04-30,Kansas,4413,134,272,4007,38.5266,-96.7265,-57.5118966689327,-57.5
2020-04-30,Kentucky,4708,240,1668,2800,37.6681,-84.6701,-36.78844519966015,-36.8
2020-04-30,Louisiana,28001,1905,17303,8793,31.1695,-91.8678,-12.853112388843256,-12.9
2020-04-30,Maine,1095,53,631,411,44.6939,-69.3819,-31.141552511415526,-31.1
2020-04-30,Maryland,21742,1140,1432,19170,39.0639,-76.8021,-49.88041578511636,-49.9
2020-04-30,Massachusetts,62205,3562,0,58643,42.2302,-71.5301,-25.0590788521823,-25.1
2020-04-30,Michigan,41379,3789,8342,29248,43.3266,-84.5361,-14.024021846830518,-14.0
2020-04-30,Minnesota,5136,343,2172,2621,45.6945,-93.9002,-119.45093457943925,-119.5
2020-04-30,Mississippi,6815,261,3413,3141,32.7416,-89.6787,-39.41305942773294,-39.4
2020-04-30,Missouri,7818,350,0,7468,38.4561,-92.2884,-28.779739063699157,-28.8
2020-04-30,Montana,453,16,392,45,46.9219,-110.4544,-1.1037527593818985,-1.1
2020-04-30,Nebraska,4281,70,0,4211,41.1254,-98.2681,-90.86661994861014,-90.9
2020-04-30,Nevada,5053,243,158,4652,38.3135,-117.0554,-21.116168612705323,-21.1
2020-04-30,New Hampshire,2146,72,980,1094,43.4525,-71.5639,-43.10344827586207,-43.1
2020-04-30,New Jersey,118652,7228,15642,95782,40.2989,-74.521,-16.941981593230626,-16.9
2020-04-30,New Mexico,3411,123,734,2554,34.8405,-106.2485,-42.56816182937555,-42.6
2020-04-30,New York,304372,23587,54771,226014,42.1657,-74.9481,-10.192461855886876,-10.2
2020-04-30,North Carolina,10754,406,0,10348,35.6301,-79.8064,-38.90645341268365,-38.9
2020-04-30,North Dakota,1067,19,458,590,47.5289,-99.78399999999999,-39.737582005623246,-39.7
2020-04-30,Northern Mariana Islands,14,2,12,0,15.0979,145.6739,-14.285714285714286,-14.3
2020-04-30,Ohio,18027,976,0,17051,40.3888,-82.7649,-33.582958894990846,-33.6
2020-04-30,Oklahoma,3618,222,2401,995,35.5653,-96.9289,-26.83803206191266,-26.8
2020-04-30,Oregon,2510,103,0,2407,44.571999999999996,-122.0709,-28.605577689243027,-28.6
2020-04-30,Pennsylvania,47971,2475,0,45496,40.5908,-77.2098,-24.948406328823665,-24.9
2020-04-30,Puerto Rico,1539,92,0,1447,18.2208,-66.5901,-42.82001299545159,-42.8
2020-04-30,Rhode Island,8621,266,461,7894,41.6809,-71.5118,-30.773692147082706,-30.8
2020-04-30,South Carolina,6095,244,3252,2599,33.8569,-80.945,-25.561936013125514,-25.6
2020-04-30,South Dakota,2449,17,1573,859,44.2998,-99.4388,-43.60963658636178,-43.6
2020-04-30,Tennessee,10735,199,5140,5396,35.7478,-86.6923,-39.59012575687005,-39.6
2020-04-30,Texas,28727,812,12507,15408,31.0545,-97.5635,-36.65889233125631,-36.7
2020-04-30,Utah,4672,46,1939,2687,40.15,-111.8624,-33.79708904109589,-33.8
2020-04-30,Vermont,866,49,0,817,44.0459,-72.7107,-7.043879907621247,-7.0
2020-04-30,Virgin Islands,66,4,51,11,18.3358,-64.8963,-4.545454545454546,-4.5
2020-04-30,Virginia,15847,552,2104,13191,37.7693,-78.17,-51.959361393323654,-52.0
2020-04-30,Washington,14327,814,0,13513,47.4009,-121.4905,-17.89627975151811,-17.9
2020-04-30,West Virginia,1125,41,545,539,38.4912,-80.9545,-20.88888888888889,-20.9
2020-04-30,Wisconsin,6854,316,3352,3186,44.2685,-89.6165,-49.09541873358623,-49.1
2020-04-30,Wyoming,559,7,371,181,42.756,-107.3025,-18.4257602862254,-18.4
2020-05-08,Alabama,9385,383,0,9002,32.3182,-86.9023,7.394778902503996,7.4
2020-05-08,Alaska,377,10,305,62,61.3707,-152.4044,1.3262599469496021,1.3
2020-05-08,American Samoa,0,0,0,0,-14.270999999999999,-170.132,,0.0
2020-05-08,Arizona,10526,517,1747,8262,33.7298,-111.4312,7.78073342200266,7.8
2020-05-08,Arkansas,3747,88,2159,1500,34.9697,-92.3731,3.6295703229250065,3.6
2020-05-08,California,63779,2613,0,61166,36.1162,-119.6816,4.959312626413083,5.0
2020-05-08,Colorado,18827,960,2869,14998,39.0598,-105.3111,5.284963084931216,5.3
2020-05-08,Connecticut,32411,2874,5413,24124,41.5978,-72.7554,4.368887106229367,4.4
2020-05-08,Delaware,6111,213,2288,3610,39.3185,-75.5071,5.44918998527246,5.4
2020-05-08,Diamond Princess,49,0,0,49,,,0.0,0.0
2020-05-08,District of Columbia,5899,304,825,4770,38.8974,-77.0268,7.4249872859806745,7.4
2020-05-08,Florida,39199,1669,0,37530,27.7663,-81.6868,3.0536493277889742,3.1
2020-05-08,Georgia,32181,1400,0,30781,33.0406,-83.6431,4.468475187222274,4.5
2020-05-08,Grand Princess,103,3,0,100,,,0.0,0.0
2020-05-08,Guam,151,5,122,24,13.4443,144.7937,1.3245033112582782,1.3
2020-05-08,Hawaii,629,17,565,47,21.0943,-157.4983,0.4769475357710652,0.5
2020-05-08,Idaho,2178,67,1420,691,44.2405,-114.4788,0.9182736455463728,0.9
2020-05-08,Illinois,73760,3241,0,70519,40.3495,-88.9861,7.494577006507592,7.5
2020-05-08,Indiana,23146,1447,0,21699,39.8494,-86.2583,5.512831590771624,5.5
2020-05-08,Iowa,11457,243,4685,6529,42.0115,-93.2105,9.190887666928516,9.2
2020-05-08,Kansas,6667,168,332,6167,38.5266,-96.7265,10.109494525273737,10.1
2020-05-08,Kentucky,6288,298,2177,3813,37.6681,-84.6701,5.629770992366412,5.6
2020-05-08,Louisiana,30855,2227,20316,8312,31.1695,-91.8678,1.4778804083616919,1.5
2020-05-08,Maine,1374,63,836,475,44.6939,-69.3819,8.733624454148472,8.7
2020-05-08,Maryland,30485,1560,2041,26884,39.0639,-76.8021,7.616860751189109,7.6
2020-05-08,Massachusetts,75333,4702,0,70631,42.2302,-71.5301,4.391169872433064,4.4
2020-05-08,Michigan,46386,4399,15659,26328,43.3266,-84.5361,2.602078213253999,2.6
2020-05-08,Minnesota,10088,534,5697,3857,45.6945,-93.9002,14.95836637589215,15.0
2020-05-08,Mississippi,9090,409,4421,4260,32.7416,-89.6787,7.326732673267327,7.3
2020-05-08,Missouri,9733,483,0,9250,38.4561,-92.2884,4.212473029898284,4.2
2020-05-08,Montana,458,16,420,22,46.9219,-110.4544,0.4366812227074236,0.4
2020-05-08,Nebraska,7818,90,0,7728,41.1254,-98.2681,14.441033512407266,14.4
2020-05-08,Nevada,5920,294,205,5421,38.3135,-117.0554,3.0236486486486487,3.0
2020-05-08,New Hampshire,2947,121,1165,1661,43.4525,-71.5639,6.990159484221242,7.0
2020-05-08,New Jersey,135840,8960,15642,111238,40.2989,-74.521,2.9078327444051824,2.9
2020-05-08,New Mexico,4673,181,1125,3367,34.8405,-106.2485,8.174620158356516,8.2
2020-05-08,New York,330407,26243,56378,247786,42.1657,-74.9481,1.9457820203567116,1.9
2020-05-08,North Carolina,14006,530,0,13476,35.6301,-79.8064,6.8042267599600175,6.8
2020-05-08,North Dakota,1425,33,714,678,47.5289,-99.78399999999999,7.157894736842105,7.2
2020-05-08,Northern Mariana Islands,15,2,12,1,15.0979,145.6739,0.0,0.0
2020-05-08,Ohio,23016,1306,0,21710,40.3888,-82.7649,6.256517205422315,6.3
2020-05-08,Oklahoma,4424,266,3064,1094,35.5653,-96.9289,5.018083182640145,5.0
2020-05-08,Oregon,3068,124,1125,1819,44.571999999999996,-122.0709,4.954367666232073,5.0
2020-05-08,Pennsylvania,57371,3715,0,53656,40.5908,-77.2098,4.481358177476426,4.5
2020-05-08,Puerto Rico,2156,107,0,2049,18.2208,-66.5901,8.719851576994435,8.7
2020-05-08,Rhode Island,10779,399,730,9650,41.6809,-71.5118,5.325169310696725,5.3
2020-05-08,South Carolina,7367,320,3816,3231,33.8569,-80.945,5.850414008415909,5.9
2020-05-08,South Dakota,3145,31,2069,1045,44.2998,-99.4388,11.605723370429253,11.6
2020-05-08,Tennessee,14441,242,7011,7188,35.7478,-86.6923,3.4831382868222422,3.5
2020-05-08,Texas,37246,1025,19197,17024,31.0545,-97.5635,6.223487085861569,6.2
2020-05-08,Utah,5919,61,2769,3089,40.15,-111.8624,5.473897617840851,5.5
2020-05-08,Vermont,919,53,737,129,44.0459,-72.7107,1.1969532100108813,1.2
2020-05-08,Virgin Islands,68,4,57,7,18.3358,-64.8963,2.9411764705882355,2.9
2020-05-08,Virginia,22342,812,2997,18533,37.7693,-78.17,9.332199444991495,9.3
2020-05-08,Washington,16388,905,0,15483,47.4009,-121.4905,2.947278496460825,2.9
2020-05-08,West Virginia,1323,52,761,510,38.4912,-80.9545,6.122448979591836,6.1
2020-05-08,Wisconsin,9590,384,4694,4512,44.2685,-89.6165,7.184567257559959,7.2
2020-05-08,Wyoming,644,7,428,209,42.756,-107.3025,2.018633540372671,2.0
2020-05-04,Alabama,8112,298,0,7814,32.3182,-86.9023,34.455128205128204,34.5
2020-05-04,Alaska,370,9,263,98,61.3707,-152.4044,11.08108108108108,11.1
2020-05-04,American Samoa,0,0,0,0,-14.270999999999999,-170.132,,0.0
2020-05-04,Arizona,8924,362,1632,6930,33.7298,-111.4312,41.102644554011654,41.1
2020-05-04,Arkansas,3491,80,2016,1395,34.9697,-92.3731,42.99627613864222,43.0
2020-05-04,California,55884,2278,0,53606,36.1162,-119.6816,36.538186242931786,36.5
2020-05-04,Colorado,16918,851,2650,13417,39.0598,-105.3111,38.0955195649604,38.1
2020-05-04,Connecticut,29973,2556,4346,23071,41.5978,-72.7554,32.07219831181396,32.1
2020-05-04,Delaware,5288,182,1716,3390,39.3185,-75.5071,44.57261724659607,44.6
2020-05-04,Diamond Princess,49,0,0,49,,,0.0,0.0
2020-05-04,District of Columbia,5170,258,666,4246,38.8974,-77.0268,40.07736943907157,40.1
2020-05-04,Florida,36897,1399,0,35498,27.7663,-81.6868,24.468113938802613,24.5
2020-05-04,Georgia,29451,1246,0,28205,33.0406,-83.6431,32.494652134053176,32.5
2020-05-04,Grand Princess,103,3,0,100,,,0.0,0.0
2020-05-04,Guam,145,5,125,15,13.4443,144.7937,6.206896551724138,6.2
2020-05-04,Hawaii,621,17,544,60,21.0943,-157.4983,5.636070853462158,5.6
2020-05-04,Idaho,2106,64,1267,775,44.2405,-114.4788,17.568850902184234,17.6
2020-05-04,Illinois,63777,2659,0,61118,40.3495,-88.9861,48.16469887263433,48.2
2020-05-04,Indiana,20507,1151,0,19356,39.8494,-86.2583,41.010386697225336,41.0
2020-05-04,Iowa,9703,188,3486,6029,42.0115,-93.2105,62.47552303411316,62.5
2020-05-04,Kansas,5383,156,291,4936,38.5266,-96.7265,59.799368381943154,59.8
2020-05-04,Kentucky,5245,261,1892,3092,37.6681,-84.6701,38.91325071496664,38.9
2020-05-04,Louisiana,29673,2064,20316,7293,31.1695,-91.8678,16.240353183028343,16.2
2020-05-04,Maine,1205,57,720,428,44.6939,-69.3819,26.307053941908713,26.3
2020-05-04,Maryland,26408,1317,1695,23396,39.0639,-76.8021,46.254922750681615,46.3
2020-05-04,Massachusetts,69087,4090,0,64997,42.2302,-71.5301,40.36649442007903,40.4
2020-05-04,Michigan,43990,4139,15659,24192,43.3266,-84.5361,25.739940895658105,25.7
2020-05-04,Minnesota,7234,427,4212,2595,45.6945,-93.9002,64.51479126347802,64.5
2020-05-04,Mississippi,7877,310,4421,3146,32.7416,-89.6787,40.12949092294021,40.1
2020-05-04,Missouri,8946,386,0,8560,38.4561,-92.2884,32.19315895372233,32.2
2020-05-04,Montana,457,16,404,37,46.9219,-110.4544,4.3763676148796495,4.4
2020-05-04,Nebraska,6037,78,0,5959,41.1254,-98.2681,72.0887858207719,72.1
2020-05-04,Nevada,5630,265,185,5180,38.3135,-117.0554,30.071047957371224,30.1
2020-05-04,New Hampshire,2588,86,1017,1485,43.4525,-71.5639,42.426584234930445,42.4
2020-05-04,New Jersey,128269,7910,15642,104717,40.2989,-74.521,27.97402334157123,28.0
2020-05-04,New Mexico,4031,156,832,3043,34.8405,-106.2485,51.10394443066237,51.1
2020-05-04,New York,318953,24999,58950,235004,42.1657,-74.9481,18.997156320837238,19.0
2020-05-04,North Carolina,11971,442,0,11529,35.6301,-79.8064,40.40598112104252,40.4
2020-05-04,North Dakota,1225,25,540,660,47.5289,-99.78399999999999,47.42857142857143,47.4
2020-05-04,Northern Mariana Islands,14,2,12,0,15.0979,145.6739,0.0,0.0
2020-05-04,Ohio,20474,1057,0,19417,40.3888,-82.7649,32.96375891374426,33.0
2020-05-04,Oklahoma,4044,238,2682,1124,35.5653,-96.9289,30.588526211671613,30.6
2020-05-04,Oregon,2759,109,860,1790,44.571999999999996,-122.0709,27.364987314244292,27.4
2020-05-04,Pennsylvania,52816,2838,0,49978,40.5908,-77.2098,33.26075431687367,33.3
2020-05-04,Puerto Rico,1843,97,0,1746,18.2208,-66.5901,29.571351058057516,29.6
2020-05-04,Rhode Island,9652,341,601,8710,41.6809,-71.5118,43.016991297140486,43.0
2020-05-04,South Carolina,6757,283,3622,2852,33.8569,-80.945,34.3051650140595,34.3
2020-05-04,South Dakota,2668,21,1830,817,44.2998,-99.4388,34.220389805097454,34.2
2020-05-04,Tennessee,13571,219,6081,7271,35.7478,-86.6923,45.516174194974575,45.5
2020-05-04,Texas,32783,901,16090,15792,31.0545,-97.5635,37.241863160784554,37.2
2020-05-04,Utah,5317,50,2342,2925,40.15,-111.8624,37.99134850479594,38.0
2020-05-04,Vermont,902,52,0,850,44.0459,-72.7107,9.312638580931264,9.3
2020-05-04,Virgin Islands,66,4,51,11,18.3358,-64.8963,19.696969696969695,19.7
2020-05-04,Virginia,19493,684,2547,16262,37.7693,-78.17,50.59765043861899,50.6
2020-05-04,Washington,15462,841,0,14621,47.4009,-121.4905,19.85512870262579,19.9
2020-05-04,West Virginia,1224,48,611,565,38.4912,-80.9545,25.81699346405229,25.8
2020-05-04,Wisconsin,8236,340,3973,3923,44.2685,-89.6165,43.844099077221955,43.8
2020-05-04,Wyoming,596,7,391,198,42.756,-107.3025,25.671140939597315,25.7
2020-04-19,Alabama,4888,157,0,4731,32.3182,-86.9023,-23.28150572831424,-23.3
2020-04-19,Alaska,319,9,153,157,61.3707,-152.4044,-6.269592476489028,-6.3
2020-04-19,American Samoa,0,0,0,0,-14.270999999999999,-170.132,,0.0
2020-04-19,Arizona,4933,184,994,3755,33.7298,-111.4312,-22.542063652949523,-22.5
2020-04-19,Arkansas,1781,39,721,1021,34.9697,-92.3731,-57.776530039303765,-57.8
2020-04-19,California,31431,1177,0,30254,36.1162,-119.6816,-31.573923833158346,-31.6
2020-04-19,Colorado,9730,420,0,9310,39.0598,-105.3111,-25.960945529290854,-26.0
2020-04-19,Connecticut,17962,1127,0,16835,41.5978,-72.7554,-33.25910254982741,-33.3
2020-04-19,Delaware,2538,67,466,2005,39.3185,-75.5071,-35.61859732072498,-35.6
2020-04-19,Diamond Princess,49,0,0,49,,,0.0,0.0
2020-04-19,District of Columbia,2793,96,622,2075,38.8974,-77.0268,-26.31578947368421,-26.3
2020-04-19,Florida,26314,774,0,25540,27.7663,-81.6868,-16.033290263737936,-16.0
2020-04-19,Georgia,18301,687,0,17614,33.0406,-83.6431,-22.894923774657123,-22.9
2020-04-19,Grand Princess,103,0,0,103,,,0.0,0.0
2020-04-19,Guam,136,5,112,19,13.4443,144.7937,-3.676470588235294,-3.7
2020-04-19,Hawaii,580,10,410,160,21.0943,-157.4983,-3.6206896551724137,-3.6
2020-04-19,Idaho,1668,44,520,1104,44.2405,-114.4788,-12.11031175059952,-12.1
2020-04-19,Illinois,30357,1290,0,29067,40.3495,-88.9861,-30.638732417564317,-30.6
2020-04-19,Indiana,11211,562,0,10649,39.8494,-86.2583,-22.031932923022033,-22.0
2020-04-19,Iowa,2902,75,1171,1656,42.0115,-93.2105,-53.170227429359066,-53.2
2020-04-19,Kansas,1905,93,0,1812,38.5266,-96.7265,-55.32808398950131,-55.3
2020-04-19,Kentucky,2960,146,1174,1640,37.6681,-84.6701,-27.66891891891892,-27.7
2020-04-19,Louisiana,23928,1296,0,22632,31.1695,-91.8678,-9.244399866265463,-9.2
2020-04-19,Maine,867,34,393,440,44.6939,-69.3819,-11.303344867358708,-11.3
2020-04-19,Maryland,12847,461,914,11472,39.0639,-76.8021,-29.33758854207208,-29.3
2020-04-19,Massachusetts,38077,1706,0,36371,42.2302,-71.5301,-33.857709378364895,-33.9
2020-04-19,Michigan,31424,2391,3237,25796,43.3266,-84.5361,-16.60196028513238,-16.6
2020-04-19,Minnesota,2356,134,1160,1062,45.6945,-93.9002,-35.18675721561969,-35.2
2020-04-19,Mississippi,4274,159,0,4115,32.7416,-89.6787,-27.1408516612073,-27.1
2020-04-19,Missouri,5743,199,0,5544,38.4561,-92.2884,-18.1960647745081,-18.2
2020-04-19,Montana,433,10,243,180,46.9219,-110.4544,-2.540415704387991,-2.5
2020-04-19,Nebraska,1474,28,0,1446,41.1254,-98.2681,-64.4504748982361,-64.5
2020-04-19,Nevada,3728,158,0,3570,38.3135,-117.0554,-17.972103004291846,-18.0
2020-04-19,New Hampshire,1390,38,513,839,43.4525,-71.5639,-23.741007194244606,-23.7
2020-04-19,New Jersey,85301,4362,0,80939,40.2989,-74.521,-19.806332868313383,-19.8
2020-04-19,New Mexico,1845,55,465,1325,34.8405,-106.2485,-36.639566395663955,-36.6
2020-04-19,New York,247815,18298,23887,205630,42.1657,-74.9481,-9.593850251195448,-9.6
2020-04-19,North Carolina,6601,200,0,6401,35.6301,-79.8064,-25.587032267838207,-25.6
2020-04-19,North Dakota,585,9,189,387,47.5289,-99.78399999999999,-27.863247863247864,-27.9
2020-04-19,Northern Mariana Islands,14,2,9,3,15.0979,145.6739,0.0,0.0
2020-04-19,Ohio,11602,471,0,11131,40.3888,-82.7649,-30.74469918979486,-30.7
2020-04-19,Oklahoma,2567,140,1575,852,35.5653,-96.9289,-21.581612777561357,-21.6
2020-04-19,Oregon,1910,74,0,1836,44.571999999999996,-122.0709,-13.979057591623036,-14.0
2020-04-19,Pennsylvania,32902,1276,0,31626,40.5908,-77.2098,-22.205337061576802,-22.2
2020-04-19,Puerto Rico,1213,62,0,1151,18.2208,-66.5901,-5.193734542456719,-5.2
2020-04-19,Rhode Island,4706,150,244,4312,41.6809,-71.5118,-42.350191245218866,-42.4
2020-04-19,South Carolina,4377,120,2633,1624,33.8569,-80.945,-15.832762165867033,-15.8
2020-04-19,South Dakota,1635,7,646,982,44.2998,-99.4388,-24.770642201834864,-24.8
2020-04-19,Tennessee,7070,148,3344,3578,35.7478,-86.6923,-23.451202263083452,-23.5
2020-04-19,Texas,19260,490,5334,13436,31.0545,-97.5635,-22.751817237798548,-22.8
2020-04-19,Utah,3069,27,679,2363,40.15,-111.8624,-23.232323232323232,-23.2
2020-04-19,Vermont,813,38,15,760,44.0459,-72.7107,-1.7220172201722017,-1.7
2020-04-19,Virgin Islands,53,3,48,2,18.3358,-64.8963,-1.8867924528301887,-1.9
2020-04-19,Virginia,8542,277,1267,6998,37.7693,-78.17,-35.729337391711546,-35.7
2020-04-19,Washington,12255,636,0,11619,47.4009,-121.4905,-5.891472868217054,-5.9
2020-04-19,West Virginia,890,18,265,607,38.4912,-80.9545,-13.48314606741573,-13.5
2020-04-19,Wisconsin,4346,220,0,4126,44.2685,-89.6165,-23.239760699493786,-23.2
2020-04-19,Wyoming,313,2,227,84,42.756,-107.3025,-51.11821086261981,-51.1
2020-04-19,Recovered,0,0,70337,-70337,,,,0.0
2020-04-29,Alabama,6912,256,0,6656,32.3182,-86.9023,5.396412037037037,5.4
2020-04-29,Alaska,355,9,240,106,61.3707,-152.4044,2.816901408450704,2.8
2020-04-29,American Samoa,0,0,0,0,-14.270999999999999,-170.132,,0.0
2020-04-29,Arizona,7209,308,1475,5426,33.7298,-111.4312,6.713829934803718,6.7
2020-04-29,Arkansas,3193,57,1249,1887,34.9697,-92.3731,3.883495145631068,3.9
2020-04-29,California,48747,1946,0,46801,36.1162,-119.6816,7.756374751266745,7.8
2020-04-29,Colorado,14758,766,2275,11717,39.0598,-105.3111,5.956091611329448,6.0
2020-04-29,Connecticut,26767,2169,0,24598,41.5978,-72.7554,2.8766765046512495,2.9
2020-04-29,Delaware,4655,144,1173,3338,39.3185,-75.5071,10.59076262083781,10.6
2020-04-29,Diamond Princess,49,0,0,49,,,0.0,0.0
2020-04-29,District of Columbia,4106,205,660,3241,38.8974,-77.0268,5.211885046273745,5.2
2020-04-29,Florida,33193,1218,0,31975,27.7663,-81.6868,3.1783809839423975,3.2
2020-04-29,Georgia,25775,1101,0,24674,33.0406,-83.6431,5.714839961202716,5.7
2020-04-29,Grand Princess,103,3,0,100,,,0.0,0.0
2020-04-29,Guam,141,5,130,6,13.4443,144.7937,0.0,0.0
2020-04-29,Hawaii,613,16,505,92,21.0943,-157.4983,0.9787928221859706,1.0
2020-04-29,Idaho,1952,60,1087,805,44.2405,-114.4788,2.817622950819672,2.8
2020-04-29,Illinois,50358,2215,0,48143,40.3495,-88.9861,8.886373565272647,8.9
2020-04-29,Indiana,17182,964,0,16218,39.8494,-86.2583,7.106274007682458,7.1
2020-04-29,Iowa,6843,148,2428,4267,42.0115,-93.2105,14.248136782113109,14.2
2020-04-29,Kansas,3839,134,266,3439,38.5266,-96.7265,9.533732742901798,9.5
2020-04-29,Kentucky,4537,234,1617,2686,37.6681,-84.6701,8.397619572404672,8.4
2020-04-29,Louisiana,27660,1845,17303,8512,31.1695,-91.8678,2.1402747650036154,2.1
2020-04-29,Maine,1056,52,615,389,44.6939,-69.3819,3.125,3.1
2020-04-29,Maryland,20849,1078,1361,18410,39.0639,-76.8021,6.532687419060866,6.5
2020-04-29,Massachusetts,60265,3405,0,56860,42.2302,-71.5301,6.310462125611881,6.3
2020-04-29,Michigan,40399,3670,8342,28387,43.3266,-84.5361,5.418450951756231,5.4
2020-04-29,Minnesota,4644,319,2043,2282,45.6945,-93.9002,17.93712316968131,17.9
2020-04-29,Mississippi,6569,250,3413,2906,32.7416,-89.6787,7.230933170954483,7.2
2020-04-29,Missouri,7660,338,0,7322,38.4561,-92.2884,4.634464751958225,4.6
2020-04-29,Montana,451,16,382,53,46.9219,-110.4544,0.4434589800443459,0.4
2020-04-29,Nebraska,3851,56,0,3795,41.1254,-98.2681,12.801869644248248,12.8
2020-04-29,Nevada,4934,230,100,4604,38.3135,-117.0554,4.742602351033644,4.7
2020-04-29,New Hampshire,2058,60,936,1062,43.4525,-71.5639,5.830903790087463,5.8
2020-04-29,New Jersey,116365,6771,15642,93952,40.2989,-74.521,4.448932239075323,4.4
2020-04-29,New Mexico,3213,112,705,2396,34.8405,-106.2485,12.075941487706194,12.1
2020-04-29,New York,299691,23477,53238,222976,42.1657,-74.9481,2.5676446740142347,2.6
2020-04-29,North Carolina,10180,382,0,9798,35.6301,-79.8064,7.3870333988212185,7.4
2020-04-29,North Dakota,1033,19,437,577,47.5289,-99.78399999999999,8.809293320425944,8.8
2020-04-29,Northern Mariana Islands,14,2,12,0,15.0979,145.6739,0.0,0.0
2020-04-29,Ohio,17303,937,0,16366,40.3888,-82.7649,5.652199040628792,5.7
2020-04-29,Oklahoma,3473,214,2319,940,35.5653,-96.9289,5.528361646991074,5.5
2020-04-29,Oregon,2446,101,0,2345,44.571999999999996,-122.0709,3.761242845461979,3.8
2020-04-29,Pennsylvania,46327,2373,0,43954,40.5908,-77.2098,5.977076003194681,6.0
2020-04-29,Puerto Rico,1433,86,0,1347,18.2208,-66.5901,3.0704815073272855,3.1
2020-04-29,Rhode Island,8247,251,391,7605,41.6809,-71.5118,6.535709955135201,6.5
2020-04-29,South Carolina,5882,231,3252,2399,33.8569,-80.945,4.573274396463788,4.6
2020-04-29,South Dakota,2373,13,1492,868,44.2998,-99.4388,5.436156763590392,5.4
2020-04-29,Tennessee,10366,195,5140,5031,35.7478,-86.6923,4.321821338992861,4.3
2020-04-29,Texas,27257,754,12507,13996,31.0545,-97.5635,7.102762593095352,7.1
2020-04-29,Utah,4497,45,1790,2662,40.15,-111.8624,5.803869246164109,5.8
2020-04-29,Vermont,862,47,0,815,44.0459,-72.7107,0.8120649651972158,0.8
2020-04-29,Virgin Islands,57,4,51,2,18.3358,-64.8963,0.0,0.0
2020-04-29,Virginia,14962,522,2042,12398,37.7693,-78.17,9.517444191952947,9.5
2020-04-29,Washington,14070,801,0,13269,47.4009,-121.4905,2.7292110874200426,2.7
2020-04-29,West Virginia,1110,38,504,568,38.4912,-80.9545,4.2342342342342345,4.2
2020-04-29,Wisconsin,6520,308,0,6212,44.2685,-89.6165,6.733128834355829,6.7
2020-04-29,Wyoming,545,7,362,176,42.756,-107.3025,4.587155963302752,4.6
2020-04-29,Recovered,0,0,120720,-120720,,,,0.0
2020-04-28,Alabama,6750,242,0,6508,32.3182,-86.9023,-43.22962962962963,-43.2
2020-04-28,Alaska,351,9,228,114,61.3707,-152.4044,-7.6923076923076925,-7.7
2020-04-28,American Samoa,0,0,0,0,-14.270999999999999,-170.132,,0.0
2020-04-28,Arizona,6955,275,1450,5230,33.7298,-111.4312,-57.584471603163195,-57.6
2020-04-28,Arkansas,3127,57,1146,1924,34.9697,-92.3731,-19.82731052126639,-19.8
2020-04-28,California,46164,1864,0,44300,36.1162,-119.6816,-44.1772809981804,-44.2
2020-04-28,Colorado,14316,736,2275,11305,39.0598,-105.3111,-35.33808326348142,-35.3
2020-04-28,Connecticut,26312,2087,0,24225,41.5978,-72.7554,-25.357251444207964,-25.4
2020-04-28,Delaware,4575,137,1096,3342,39.3185,-75.5071,-37.202185792349724,-37.2
2020-04-28,Diamond Princess,49,0,0,49,,,0.0,0.0
2020-04-28,District of Columbia,3994,190,660,3144,38.8974,-77.0268,-52.779168753129696,-52.8
2020-04-28,Florida,32848,1171,0,31677,27.7663,-81.6868,-21.77605942523137,-21.8
2020-04-28,Georgia,24922,1036,0,23886,33.0406,-83.6431,-30.75997110986277,-30.8
2020-04-28,Grand Princess,103,3,0,100,,,0.0,0.0
2020-04-28,Guam,141,5,129,7,13.4443,144.7937,-7.092198581560283,-7.1
2020-04-28,Hawaii,609,16,493,100,21.0943,-157.4983,-3.61247947454844,-3.6
2020-04-28,Idaho,1952,60,1039,853,44.2405,-114.4788,-12.961065573770492,-13.0
2020-04-28,Illinois,48102,2125,0,45977,40.3495,-88.9861,-58.17429628705667,-58.2
2020-04-28,Indiana,16588,901,0,15687,39.8494,-86.2583,-43.067277550036174,-43.1
2020-04-28,Iowa,6376,136,2164,4076,42.0115,-93.2105,-83.04579673776662,-83.0
2020-04-28,Kansas,3652,127,0,3525,38.5266,-96.7265,-86.99342825848849,-87.0
2020-04-28,Kentucky,4375,225,1521,2629,37.6681,-84.6701,-47.2,-47.2
2020-04-28,Louisiana,27286,1801,17303,8182,31.1695,-91.8678,-15.139632045737741,-15.1
2020-04-28,Maine,1040,51,585,404,44.6939,-69.3819,-35.38461538461539,-35.4
2020-04-28,Maryland,20113,1016,1295,17802,39.0639,-76.8021,-56.78416944264903,-56.8
2020-04-28,Massachusetts,58302,3153,0,55149,42.2302,-71.5301,-31.630132757023773,-31.6
2020-04-28,Michigan,39262,3568,8342,27352,43.3266,-84.5361,-19.237430594467934,-19.2
2020-04-28,Minnesota,4181,301,1912,1968,45.6945,-93.9002,-158.07223152355897,-158.1
2020-04-28,Mississippi,6342,239,0,6103,32.7416,-89.6787,-47.87133396404919,-47.9
2020-04-28,Missouri,7450,330,0,7120,38.4561,-92.2884,-33.033557046979865,-33.0
2020-04-28,Montana,451,15,356,80,46.9219,-110.4544,-1.5521064301552105,-1.6
2020-04-28,Nebraska,3517,56,0,3461,41.1254,-98.2681,-130.11088996303667,-130.1
2020-04-28,Nevada,4821,219,0,4602,38.3135,-117.0554,-28.002489110143124,-28.0
2020-04-28,New Hampshire,2010,60,798,1152,43.4525,-71.5639,-49.80099502487562,-49.8
2020-04-28,New Jersey,113856,6442,15642,91772,40.2989,-74.521,-20.676117200674536,-20.7
2020-04-28,New Mexico,2974,105,666,2203,34.8405,-106.2485,-60.65904505716207,-60.7
2020-04-28,New York,295106,22912,51630,220564,42.1657,-74.9481,-12.882150820383185,-12.9
2020-04-28,North Carolina,9755,363,0,9392,35.6301,-79.8064,-48.41619682214249,-48.4
2020-04-28,North Dakota,991,19,409,563,47.5289,-99.78399999999999,-47.72956609485368,-47.7
2020-04-28,Northern Mariana Islands,14,2,12,0,15.0979,145.6739,-14.285714285714286,-14.3
2020-04-28,Ohio,16769,799,0,15970,40.3888,-82.7649,-41.31433001371578,-41.3
2020-04-28,Oklahoma,3410,207,2260,943,35.5653,-96.9289,-31.671554252199414,-31.7
2020-04-28,Oregon,2385,99,0,2286,44.571999999999996,-122.0709,-32.494758909853246,-32.5
2020-04-28,Pennsylvania,45137,2046,0,43091,40.5908,-77.2098,-29.73835212796597,-29.7
2020-04-28,Puerto Rico,1400,86,0,1314,18.2208,-66.5901,-55.214285714285715,-55.2
2020-04-28,Rhode Island,7927,239,466,7222,41.6809,-71.5118,-38.62747571590766,-38.6
2020-04-28,South Carolina,5735,192,2830,2713,33.8569,-80.945,-31.31647776809067,-31.3
2020-04-28,South Dakota,2313,11,1392,910,44.2998,-99.4388,-46.69260700389105,-46.7
2020-04-28,Tennessee,10052,188,4921,4943,35.7478,-86.6923,-46.91603660962993,-46.9
2020-04-28,Texas,26357,719,11786,13852,31.0545,-97.5635,-45.66908221724779,-45.7
2020-04-28,Utah,4345,41,1704,2600,40.15,-111.8624,-40.46029919447641,-40.5
2020-04-28,Vermont,862,47,0,815,44.0459,-72.7107,-6.844547563805104,-6.8
2020-04-28,Virgin Islands,57,4,51,2,18.3358,-64.8963,-19.29824561403509,-19.3
2020-04-28,Virginia,14339,492,1914,11933,37.7693,-78.17,-61.76860311039822,-61.8
2020-04-28,Washington,13842,786,0,13056,47.4009,-121.4905,-20.45947117468574,-20.5
2020-04-28,West Virginia,1095,38,481,576,38.4912,-80.9545,-20.82191780821918,-20.8
2020-04-28,Wisconsin,6289,300,0,5989,44.2685,-89.6165,-58.037843854348864,-58.0
2020-04-28,Wyoming,536,7,343,186,42.756,-107.3025,-21.828358208955223,-21.8
2020-04-28,Recovered,0,0,115936,-115936,,,,0.0
2020-04-25,Alabama,6026,209,0,5817,32.3182,-86.9023,32.37636906737471,32.4
2020-04-25,Alaska,339,9,217,113,61.3707,-152.4044,13.569321533923304,13.6
2020-04-25,American Samoa,0,0,0,0,-14.270999999999999,-170.132,,0.0
2020-04-25,Arizona,6286,273,1345,4668,33.7298,-111.4312,36.93923003499841,36.9
2020-04-25,Arkansas,2911,48,964,1899,34.9697,-92.3731,46.10099622122982,46.1
2020-04-25,California,42368,1689,0,40679,36.1162,-119.6816,37.01378398791541,37.0
2020-04-25,Colorado,12968,684,2086,10198,39.0598,-105.3111,38.64898210980876,38.6
2020-04-25,Connecticut,24583,1865,0,22718,41.5978,-72.7554,39.9788471708091,40.0
2020-04-25,Delaware,3576,112,809,2655,39.3185,-75.5071,43.680089485458616,43.7
2020-04-25,Diamond Princess,49,0,0,49,,,0.0,0.0
2020-04-25,District of Columbia,3699,165,652,2882,38.8974,-77.0268,40.60556907272236,40.6
2020-04-25,Florida,30839,1055,0,29784,27.7663,-81.6868,27.004766691526964,27.0
2020-04-25,Georgia,23222,907,0,22315,33.0406,-83.6431,35.46206183791232,35.5
2020-04-25,Grand Princess,103,3,0,100,,,0.0,0.0
2020-04-25,Guam,141,5,128,8,13.4443,144.7937,4.25531914893617,4.3
2020-04-25,Hawaii,605,13,463,129,21.0943,-157.4983,13.388429752066116,13.4
2020-04-25,Idaho,1887,56,867,964,44.2405,-114.4788,21.939586645469,21.9
2020-04-25,Illinois,41777,1875,0,39902,40.3495,-88.9861,41.13268066160806,41.1
2020-04-25,Indiana,14399,786,0,13613,39.8494,-86.2583,37.77345649003403,37.8
2020-04-25,Iowa,5092,112,1723,3257,42.0115,-93.2105,60.82089552238806,60.8
2020-04-25,Kansas,3135,120,0,3015,38.5266,-96.7265,52.025518341307816,52.0
2020-04-25,Kentucky,3915,205,1341,2369,37.6681,-84.6701,43.55044699872286,43.6
2020-04-25,Louisiana,26512,1707,14927,9878,31.1695,-91.8678,17.203530476765238,17.2
2020-04-25,Maine,965,47,519,399,44.6939,-69.3819,20.207253886010363,20.2
2020-04-25,Maryland,17766,875,1165,15726,39.0639,-76.8021,43.53259034110098,43.5
2020-04-25,Massachusetts,53348,2730,0,50618,42.2302,-71.5301,43.9191722276374,43.9
2020-04-25,Michigan,37074,3155,8342,25577,43.3266,-84.5361,24.316232400064735,24.3
2020-04-25,Minnesota,3446,244,1654,1548,45.6945,-93.9002,47.50435287289611,47.5
2020-04-25,Mississippi,5718,221,0,5497,32.7416,-89.6787,41.23819517313746,41.2
2020-04-25,Missouri,6935,281,0,6654,38.4561,-92.2884,30.915645277577504,30.9
2020-04-25,Montana,445,14,339,92,46.9219,-110.4544,9.213483146067416,9.2
2020-04-25,Nebraska,2719,50,0,2669,41.1254,-98.2681,66.86281721221037,66.9
2020-04-25,Nevada,4539,205,0,4334,38.3135,-117.0554,29.257545714915178,29.3
2020-04-25,New Hampshire,1797,53,578,1166,43.4525,-71.5639,36.61658319421257,36.6
2020-04-25,New Jersey,105498,5914,0,99584,40.2989,-74.521,32.67170941629225,32.7
2020-04-25,New Mexico,2660,93,614,1953,34.8405,-106.2485,44.21052631578947,44.2
2020-04-25,New York,282143,22009,23887,236247,42.1657,-74.9481,23.991025827328695,24.0
2020-04-25,North Carolina,8768,305,0,8463,35.6301,-79.8064,39.096715328467155,39.1
2020-04-25,North Dakota,803,16,310,477,47.5289,-99.78399999999999,54.54545454545455,54.5
2020-04-25,Northern Mariana Islands,14,2,11,1,15.0979,145.6739,7.142857142857143,7.1
2020-04-25,Ohio,15587,711,0,14876,40.3888,-82.7649,49.99679219862706,50.0
2020-04-25,Oklahoma,3194,194,2080,920,35.5653,-96.9289,29.148403256105198,29.1
2020-04-25,Oregon,2253,87,0,2166,44.571999999999996,-122.0709,26.187305814469596,26.2
2020-04-25,Pennsylvania,41153,1793,0,39360,40.5908,-77.2098,34.99137365441159,35.0
2020-04-25,Puerto Rico,1307,83,0,1224,18.2208,-66.5901,25.478194338179037,25.5
2020-04-25,Rhode Island,7129,215,410,6504,41.6809,-71.5118,54.397531210548465,54.4
2020-04-25,South Carolina,5253,166,3701,1386,33.8569,-80.945,30.401675233200077,30.4
2020-04-25,South Dakota,2147,10,1223,914,44.2998,-99.4388,45.5985095482068,45.6
2020-04-25,Tennessee,9189,177,4467,4545,35.7478,-86.6923,36.58722385460877,36.6
2020-04-25,Texas,24153,638,9986,13529,31.0545,-97.5635,34.14068645716888,34.1
2020-04-25,Utah,3948,41,1399,2508,40.15,-111.8624,35.46099290780142,35.5
2020-04-25,Vermont,843,46,1710,-913,44.0459,-72.7107,9.9644128113879,10.0
2020-04-25,Virgin Islands,55,3,51,1,18.3358,-64.8963,7.2727272727272725,7.3
2020-04-25,Virginia,12366,437,1717,10212,37.7693,-78.17,47.436519488921235,47.4
2020-04-25,Washington,13319,737,0,12582,47.4009,-121.4905,17.84668518657557,17.8
2020-04-25,West Virginia,1010,32,439,539,38.4912,-80.9545,30.495049504950494,30.5
2020-04-25,Wisconsin,5687,266,0,5421,44.2685,-89.6165,34.570072094250044,34.6
2020-04-25,Wyoming,491,7,321,163,42.756,-107.3025,41.54786150712831,41.5
2020-04-25,Recovered,0,0,100372,-100372,,,,0.0
