date,Country/Region,Province/State,Confirmed,Deaths,Recovered,Latitude,Longitude,Active
2020-04-12,US,Alabama,3563,93,0,32.3182,-86.9023,3470
2020-04-12,US,Alaska,272,8,66,61.3707,-152.4044,198
2020-04-12,US,Arizona,3542,115,0,33.7298,-111.4312,3427
2020-04-12,US,Arkansas,1280,27,367,34.9697,-92.3731,886
2020-04-12,US,California,22795,640,0,36.1162,-119.6816,22155
2020-04-12,US,Colorado,7307,289,0,39.0598,-105.3111,7018
2020-04-12,US,Connecticut,12035,554,0,41.5978,-72.7554,11481
2020-04-12,US,Delaware,1625,35,191,39.3185,-75.5071,1399
2020-04-12,US,District of Columbia,1875,50,493,38.8974,-77.0268,1332
2020-04-12,US,Florida,19895,461,0,27.7663,-81.6868,19434
2020-04-12,US,Georgia,12452,433,0,33.0406,-83.6431,12019
2020-04-12,US,Hawaii,499,9,300,21.0943,-157.4983,190
2020-04-12,US,Idaho,1407,27,0,44.2405,-114.4788,1380
2020-04-12,US,Illinois,20852,720,0,40.3495,-88.9861,20132
2020-04-12,US,Indiana,7928,343,0,39.8494,-86.2583,7585
2020-04-12,US,Iowa,1587,41,674,42.0115,-93.2105,872
2020-04-12,US,Kansas,1344,56,0,38.5266,-96.7265,1288
2020-04-12,US,Kentucky,1963,97,464,37.6681,-84.6701,1402
2020-04-12,US,Louisiana,20595,840,0,31.1695,-91.8678,19755
2020-04-12,US,Maine,633,19,266,44.6939,-69.3819,348
2020-04-12,US,Maryland,8225,236,456,39.0639,-76.8021,7533
2020-04-12,US,Massachusetts,25475,756,0,42.2302,-71.5301,24719
2020-04-12,US,Michigan,24244,1479,433,43.3266,-84.5361,22332
2020-04-12,US,Minnesota,1621,70,842,45.6945,-93.9002,709
2020-04-12,US,Mississippi,2781,96,0,32.7416,-89.6787,2685
2020-04-12,US,Missouri,4269,118,0,38.4561,-92.2884,4151
2020-04-12,US,Montana,387,6,169,46.9219,-110.4544,212
2020-04-12,US,Nebraska,791,17,0,41.1254,-98.2681,774
2020-04-12,US,Nevada,2836,112,0,38.3135,-117.0554,2724
2020-04-12,US,New Hampshire,929,23,236,43.4525,-71.5639,670
2020-04-12,US,New Jersey,61850,2350,0,40.2989,-74.521,59500
2020-04-12,US,New Mexico,1245,26,235,34.8405,-106.2485,984
2020-04-12,US,New York,189033,9385,23887,42.1657,-74.9481,155761
2020-04-12,US,North Carolina,4570,89,0,35.6301,-79.8064,4481
2020-04-12,US,North Dakota,308,7,121,47.5289,-99.78399999999999,180
2020-04-12,US,Ohio,6604,253,0,40.3888,-82.7649,6351
2020-04-12,US,Oklahoma,1970,96,865,35.5653,-96.9289,1009
2020-04-12,US,Oregon,1527,52,0,44.571999999999996,-122.0709,1475
2020-04-12,US,Pennsylvania,22938,557,0,40.5908,-77.2098,22381
2020-04-12,US,Rhode Island,2665,63,35,41.6809,-71.5118,2567
2020-04-12,US,South Carolina,3320,82,0,33.8569,-80.945,3238
2020-04-12,US,South Dakota,730,6,197,44.2998,-99.4388,527
2020-04-12,US,Tennessee,5508,106,1504,35.7478,-86.6923,3898
2020-04-12,US,Texas,13677,283,2014,31.0545,-97.5635,11380
2020-04-12,US,Utah,2303,18,0,40.15,-111.8624,2285
2020-04-12,US,Vermont,727,27,15,44.0459,-72.7107,685
2020-04-12,US,Virginia,5274,141,0,37.7693,-78.17,5133
2020-04-12,US,Washington,10609,506,0,47.4009,-121.4905,10103
2020-04-12,US,West Virginia,593,6,83,38.4912,-80.9545,504
2020-04-12,US,Wisconsin,3341,144,0,44.2685,-89.6165,3197
2020-04-12,US,Wyoming,270,0,137,42.756,-107.3025,133
2020-04-12,US,Recovered,0,0,32988,,,-32988
2020-04-13,US,Alabama,3734,99,0,32.3182,-86.9023,3635
2020-04-13,US,Alaska,277,8,85,61.3707,-152.4044,184
2020-04-13,US,Arizona,3705,122,0,33.7298,-111.4312,3583
2020-04-13,US,Arkansas,1410,29,391,34.9697,-92.3731,990
2020-04-13,US,California,23931,714,0,36.1162,-119.6816,23217
2020-04-13,US,Colorado,7691,306,0,39.0598,-105.3111,7385
2020-04-13,US,Connecticut,13381,602,0,41.5978,-72.7554,12779
2020-04-13,US,Delaware,1758,41,213,39.3185,-75.5071,1504
2020-04-13,US,District of Columbia,1955,52,507,38.8974,-77.0268,1396
2020-04-13,US,Florida,21019,499,0,27.7663,-81.6868,20520
2020-04-13,US,Georgia,13315,465,0,33.0406,-83.6431,12850
2020-04-13,US,Hawaii,504,9,310,21.0943,-157.4983,185
2020-04-13,US,Idaho,1426,27,0,44.2405,-114.4788,1399
2020-04-13,US,Illinois,22025,798,0,40.3495,-88.9861,21227
2020-04-13,US,Indiana,8359,350,0,39.8494,-86.2583,8009
2020-04-13,US,Iowa,1710,41,741,42.0115,-93.2105,928
2020-04-13,US,Kansas,1390,62,0,38.5266,-96.7265,1328
2020-04-13,US,Kentucky,2018,113,607,37.6681,-84.6701,1298
2020-04-13,US,Louisiana,21016,884,0,31.1695,-91.8678,20132
2020-04-13,US,Maine,698,19,273,44.6939,-69.3819,406
2020-04-13,US,Maryland,8936,262,603,39.0639,-76.8021,8071
2020-04-13,US,Massachusetts,26867,844,0,42.2302,-71.5301,26023
2020-04-13,US,Michigan,25635,1602,447,43.3266,-84.5361,23586
2020-04-13,US,Minnesota,1621,70,842,45.6945,-93.9002,709
2020-04-13,US,Mississippi,2942,98,0,32.7416,-89.6787,2844
2020-04-13,US,Missouri,4515,123,0,38.4561,-92.2884,4392
2020-04-13,US,Montana,394,7,171,46.9219,-110.4544,216
2020-04-13,US,Nebraska,814,17,0,41.1254,-98.2681,797
2020-04-13,US,Nevada,2990,114,0,38.3135,-117.0554,2876
2020-04-13,US,New Hampshire,985,23,239,43.4525,-71.5639,723
2020-04-13,US,New Jersey,64584,2443,0,40.2989,-74.521,62141
2020-04-13,US,New Mexico,1262,26,295,34.8405,-106.2485,941
2020-04-13,US,New York,195749,10058,23887,42.1657,-74.9481,161804
2020-04-13,US,North Carolina,4886,94,0,35.6301,-79.8064,4792
2020-04-13,US,North Dakota,331,8,127,47.5289,-99.784,196
2020-04-13,US,Ohio,6975,274,0,40.3888,-82.7649,6701
2020-04-13,US,Oklahoma,2069,99,865,35.5653,-96.9289,1105
2020-04-13,US,Oregon,1584,53,0,44.572,-122.0709,1531
2020-04-13,US,Pennsylvania,24292,589,0,40.5908,-77.2098,23703
2020-04-13,US,Rhode Island,2665,63,135,41.6809,-71.5118,2467
2020-04-13,US,South Carolina,3391,82,0,33.8569,-80.945,3309
2020-04-13,US,South Dakota,868,6,207,44.2998,-99.4388,655
2020-04-13,US,Tennessee,5610,109,1671,35.7478,-86.6923,3830
2020-04-13,US,Texas,14275,305,2269,31.0545,-97.5635,11701
2020-04-13,US,Utah,2363,13,218,40.15,-111.8624,2132
2020-04-13,US,Vermont,748,28,15,44.0459,-72.7107,705
2020-04-13,US,Virginia,5747,149,0,37.7693,-78.17,5598
2020-04-13,US,Washington,10635,513,0,47.4009,-121.4905,10122
2020-04-13,US,West Virginia,611,8,85,38.4912,-80.9545,518
2020-04-13,US,Wisconsin,3428,154,0,44.2685,-89.6165,3274
2020-04-13,US,Wyoming,275,1,138,42.756,-107.3025,136
2020-04-13,US,Recovered,0,0,43482,,,-43482
2020-04-14,US,Alabama,3953,114,0,32.3182,-86.9023,3839
2020-04-14,US,Alaska,285,9,98,61.3707,-152.4044,178
2020-04-14,US,Arizona,3809,131,249,33.7298,-111.4312,3429
2020-04-14,US,Arkansas,1498,32,427,34.9697,-92.3731,1039
2020-04-14,US,California,25356,767,0,36.1162,-119.6816,24589
2020-04-14,US,Colorado,7950,327,0,39.0598,-105.3111,7623
2020-04-14,US,Connecticut,13989,671,0,41.5978,-72.7554,13318
2020-04-14,US,Delaware,1926,43,277,39.3185,-75.5071,1606
2020-04-14,US,District of Columbia,2058,67,518,38.8974,-77.0268,1473
2020-04-14,US,Florida,21628,571,0,27.7663,-81.6868,21057
2020-04-14,US,Georgia,14578,525,0,33.0406,-83.6431,14053
2020-04-14,US,Hawaii,511,9,315,21.0943,-157.4983,187
2020-04-14,US,Idaho,1464,33,0,44.2405,-114.4788,1431
2020-04-14,US,Illinois,23248,868,0,40.3495,-88.9861,22380
2020-04-14,US,Indiana,8527,387,0,39.8494,-86.2583,8140
2020-04-14,US,Iowa,1899,49,741,42.0115,-93.2105,1109
2020-04-14,US,Kansas,1441,69,0,38.5266,-96.7265,1372
2020-04-14,US,Kentucky,2048,106,629,37.6681,-84.6701,1313
2020-04-14,US,Louisiana,21518,1013,0,31.1695,-91.8678,20505
2020-04-14,US,Maine,735,20,292,44.6939,-69.3819,423
2020-04-14,US,Maryland,9472,302,607,39.0639,-76.8021,8563
2020-04-14,US,Massachusetts,28164,844,0,42.2302,-71.5301,27320
2020-04-14,US,Michigan,27001,1768,452,43.3266,-84.5361,24781
2020-04-14,US,Minnesota,1695,79,909,45.6945,-93.9002,707
2020-04-14,US,Mississippi,3087,111,0,32.7416,-89.6787,2976
2020-04-14,US,Missouri,4746,149,0,38.4561,-92.2884,4597
2020-04-14,US,Montana,399,7,197,46.9219,-110.4544,195
2020-04-14,US,Nebraska,897,20,0,41.1254,-98.2681,877
2020-04-14,US,Nevada,3134,126,0,38.3135,-117.0554,3008
2020-04-14,US,New Hampshire,922,25,249,43.4525,-71.5639,648
2020-04-14,US,New Jersey,68824,2805,0,40.2989,-74.521,66019
2020-04-14,US,New Mexico,1345,31,304,34.8405,-106.2485,1010
2020-04-14,US,New York,203020,10842,23887,42.1657,-74.9481,168291
2020-04-14,US,North Carolina,5113,112,0,35.6301,-79.8064,5001
2020-04-14,US,North Dakota,341,8,138,47.5289,-99.78399999999999,195
2020-04-14,US,Ohio,7285,324,0,40.3888,-82.7649,6961
2020-04-14,US,Oklahoma,2184,108,1060,35.5653,-96.9289,1016
2020-04-14,US,Oregon,1633,55,0,44.571999999999996,-122.0709,1578
2020-04-14,US,Pennsylvania,25465,691,0,40.5908,-77.2098,24774
2020-04-14,US,Rhode Island,3251,80,135,41.6809,-71.5118,3036
2020-04-14,US,South Carolina,3553,97,0,33.8569,-80.945,3456
2020-04-14,US,South Dakota,988,6,261,44.2998,-99.4388,721
2020-04-14,US,Tennessee,5827,124,1969,35.7478,-86.6923,3734
2020-04-14,US,Texas,15006,342,2580,31.0545,-97.5635,12084
2020-04-14,US,Utah,2417,18,218,40.15,-111.8624,2181
2020-04-14,US,Vermont,752,29,15,44.0459,-72.7107,708
2020-04-14,US,Virginia,6182,154,721,37.7693,-78.17,5307
2020-04-14,US,Washington,10799,530,0,47.4009,-121.4905,10269
2020-04-14,US,West Virginia,640,9,147,38.4912,-80.9545,484
2020-04-14,US,Wisconsin,3555,170,0,44.2685,-89.6165,3385
2020-04-14,US,Wyoming,282,1,140,42.756,-107.3025,141
2020-04-14,US,Recovered,0,0,47763,,,-47763
2020-04-15,US,Alabama,4075,118,0,32.3182,-86.9023,3957
2020-04-15,US,Alaska,293,9,106,61.3707,-152.4044,178
2020-04-15,US,Arizona,3964,142,385,33.7298,-111.4312,3437
2020-04-15,US,Arkansas,1569,33,489,34.9697,-92.3731,1047
2020-04-15,US,California,26686,860,0,36.1162,-119.6816,25826
2020-04-15,US,Colorado,7956,328,0,39.0598,-105.3111,7628
2020-04-15,US,Connecticut,14755,868,0,41.5978,-72.7554,13887
2020-04-15,US,Delaware,2014,46,354,39.3185,-75.5071,1614
2020-04-15,US,District of Columbia,2197,72,530,38.8974,-77.0268,1595
2020-04-15,US,Florida,22511,596,0,27.7663,-81.6868,21915
2020-04-15,US,Georgia,14987,552,0,33.0406,-83.6431,14435
2020-04-15,US,Hawaii,524,9,333,21.0943,-157.4983,182
2020-04-15,US,Idaho,1473,39,0,44.2405,-114.4788,1434
2020-04-15,US,Illinois,24593,949,0,40.3495,-88.9861,23644
2020-04-15,US,Indiana,8960,436,0,39.8494,-86.2583,8524
2020-04-15,US,Iowa,1995,53,908,42.0115,-93.2105,1034
2020-04-15,US,Kansas,1504,71,0,38.5266,-96.7265,1433
2020-04-15,US,Kentucky,2210,115,653,37.6681,-84.6701,1442
2020-04-15,US,Louisiana,21951,1103,0,31.1695,-91.8678,20848
2020-04-15,US,Maine,770,24,305,44.6939,-69.3819,441
2020-04-15,US,Maryland,10032,311,607,39.0639,-76.8021,9114
2020-04-15,US,Massachusetts,29918,1108,0,42.2302,-71.5301,28810
2020-04-15,US,Michigan,28059,1921,452,43.3266,-84.5361,25686
2020-04-15,US,Minnesota,1809,87,940,45.6945,-93.9002,782
2020-04-15,US,Mississippi,3360,122,0,32.7416,-89.6787,3238
2020-04-15,US,Missouri,4791,153,0,38.4561,-92.2884,4638
2020-04-15,US,Montana,404,7,209,46.9219,-110.4544,188
2020-04-15,US,Nebraska,901,20,0,41.1254,-98.2681,881
2020-04-15,US,Nevada,3211,131,0,38.3135,-117.0554,3080
2020-04-15,US,New Hampshire,1139,32,365,43.4525,-71.5639,742
2020-04-15,US,New Jersey,71030,3156,0,40.2989,-74.521,67874
2020-04-15,US,New Mexico,1484,36,340,34.8405,-106.2485,1108
2020-04-15,US,New York,214454,11617,23887,42.1657,-74.9481,178950
2020-04-15,US,North Carolina,5340,130,0,35.6301,-79.8064,5210
2020-04-15,US,North Dakota,365,9,142,47.5289,-99.784,214
2020-04-15,US,Ohio,7794,362,0,40.3888,-82.7649,7432
2020-04-15,US,Oklahoma,2263,123,1115,35.5653,-96.9289,1025
2020-04-15,US,Oregon,1663,58,0,44.572,-122.0709,1605
2020-04-15,US,Pennsylvania,26753,779,0,40.5908,-77.2098,25974
2020-04-15,US,Rhode Island,3251,80,168,41.6809,-71.5118,3003
2020-04-15,US,South Carolina,3656,106,0,33.8569,-80.945,3550
2020-04-15,US,South Dakota,1168,6,329,44.2998,-99.4388,833
2020-04-15,US,Tennessee,5827,124,2196,35.7478,-86.6923,3507
2020-04-15,US,Texas,15907,375,3150,31.0545,-97.5635,12382
2020-04-15,US,Utah,2548,20,218,40.15,-111.8624,2310
2020-04-15,US,Vermont,759,29,15,44.0459,-72.7107,715
2020-04-15,US,Virginia,6500,195,752,37.7693,-78.17,5553
2020-04-15,US,Washington,10942,552,0,47.4009,-121.4905,10390
2020-04-15,US,West Virginia,702,10,211,38.4912,-80.9545,481
2020-04-15,US,Wisconsin,3721,183,0,44.2685,-89.6165,3538
2020-04-15,US,Wyoming,287,1,129,42.756,-107.3025,157
2020-04-15,US,Recovered,0,0,52096,,,-52096
2020-04-16,US,Alabama,4345,133,0,32.3182,-86.9023,4212
2020-04-16,US,Alaska,300,9,110,61.3707,-152.4044,181
2020-04-16,US,Arizona,4237,150,460,33.7298,-111.4312,3627
2020-04-16,US,Arkansas,1620,37,548,34.9697,-92.3731,1035
2020-04-16,US,California,27677,956,0,36.1162,-119.6816,26721
2020-04-16,US,Colorado,8286,355,0,39.0598,-105.3111,7931
2020-04-16,US,Connecticut,15884,971,0,41.5978,-72.7554,14913
2020-04-16,US,Delaware,2070,55,378,39.3185,-75.5071,1637
2020-04-16,US,District of Columbia,2350,81,552,38.8974,-77.0268,1717
2020-04-16,US,Florida,23343,668,0,27.7663,-81.6868,22675
2020-04-16,US,Georgia,15669,587,0,33.0406,-83.6431,15082
2020-04-16,US,Hawaii,530,9,359,21.0943,-157.4983,162
2020-04-16,US,Idaho,1587,41,0,44.2405,-114.4788,1546
2020-04-16,US,Illinois,25734,1072,0,40.3495,-88.9861,24662
2020-04-16,US,Indiana,9542,477,0,39.8494,-86.2583,9065
2020-04-16,US,Iowa,2141,60,987,42.0115,-93.2105,1094
2020-04-16,US,Kansas,1615,80,0,38.5266,-96.7265,1535
2020-04-16,US,Kentucky,2435,129,862,37.6681,-84.6701,1444
2020-04-16,US,Louisiana,22532,1156,0,31.1695,-91.8678,21376
2020-04-16,US,Maine,796,27,333,44.6939,-69.3819,436
2020-04-16,US,Maryland,10784,319,736,39.0639,-76.8021,9729
2020-04-16,US,Massachusetts,32181,1108,0,42.2302,-71.5301,31073
2020-04-16,US,Michigan,28809,1996,617,43.3266,-84.5361,26196
2020-04-16,US,Minnesota,1809,87,1020,45.6945,-93.9002,702
2020-04-16,US,Mississippi,3624,129,0,32.7416,-89.6787,3495
2020-04-16,US,Missouri,5174,169,0,38.4561,-92.2884,5005
2020-04-16,US,Montana,415,7,218,46.9219,-110.4544,190
2020-04-16,US,Nebraska,952,21,0,41.1254,-98.2681,931
2020-04-16,US,Nevada,3214,137,0,38.3135,-117.0554,3077
2020-04-16,US,New Hampshire,1139,32,365,43.4525,-71.5639,742
2020-04-16,US,New Jersey,75317,3518,0,40.2989,-74.521,71799
2020-04-16,US,New Mexico,1484,36,353,34.8405,-106.2485,1095
2020-04-16,US,New York,223691,14832,23887,42.1657,-74.9481,184972
2020-04-16,US,North Carolina,5639,150,0,35.6301,-79.8064,5489
2020-04-16,US,North Dakota,393,9,163,47.5289,-99.784,221
2020-04-16,US,Ohio,8414,407,0,40.3888,-82.7649,8007
2020-04-16,US,Oklahoma,2357,131,1240,35.5653,-96.9289,986
2020-04-16,US,Oregon,1736,64,0,44.572,-122.0709,1672
2020-04-16,US,Pennsylvania,28258,841,0,40.5908,-77.2098,27417
2020-04-16,US,Rhode Island,3529,87,182,41.6809,-71.5118,3260
2020-04-16,US,South Carolina,3931,111,0,33.8569,-80.945,3820
2020-04-16,US,South Dakota,1311,7,373,44.2998,-99.4388,931
2020-04-16,US,Tennessee,6375,136,2786,35.7478,-86.6923,3453
2020-04-16,US,Texas,16876,414,3677,31.0545,-97.5635,12785
2020-04-16,US,Utah,2683,20,357,40.15,-111.8624,2306
2020-04-16,US,Vermont,774,33,15,44.0459,-72.7107,726
2020-04-16,US,Virginia,6889,208,951,37.7693,-78.17,5730
2020-04-16,US,Washington,11057,579,0,47.4009,-121.4905,10478
2020-04-16,US,West Virginia,728,12,223,38.4912,-80.9545,493
2020-04-16,US,Wisconsin,3875,197,0,44.2685,-89.6165,3678
2020-04-16,US,Wyoming,296,2,148,42.756,-107.3025,146
2020-04-16,US,Recovered,0,0,54703,,,-54703
2020-04-17,US,Alabama,4571,148,0,32.3182,-86.9023,4423
2020-04-17,US,Alaska,309,9,128,61.3707,-152.4044,172
2020-04-17,US,Arizona,4511,169,539,33.7298,-111.4312,3803
2020-04-17,US,Arkansas,1695,37,593,34.9697,-92.3731,1065
2020-04-17,US,California,29157,1037,0,36.1162,-119.6816,28120
2020-04-17,US,Colorado,8691,372,0,39.0598,-105.3111,8319
2020-04-17,US,Connecticut,16809,1036,0,41.5978,-72.7554,15773
2020-04-17,US,Delaware,2317,61,378,39.3185,-75.5071,1878
2020-04-17,US,District of Columbia,2476,86,573,38.8974,-77.0268,1817
2020-04-17,US,Florida,24759,725,0,27.7663,-81.6868,24034
2020-04-17,US,Georgia,17194,650,0,33.0406,-83.6431,16544
2020-04-17,US,Hawaii,541,9,374,21.0943,-157.4983,158
2020-04-17,US,Idaho,1609,41,390,44.2405,-114.4788,1178
2020-04-17,US,Illinois,27578,1132,0,40.3495,-88.9861,26446
2020-04-17,US,Indiana,10154,522,0,39.8494,-86.2583,9632
2020-04-17,US,Iowa,2332,64,1007,42.0115,-93.2105,1261
2020-04-17,US,Kansas,1730,82,0,38.5266,-96.7265,1648
2020-04-17,US,Kentucky,2522,137,956,37.6681,-84.6701,1429
2020-04-17,US,Louisiana,23118,1213,0,31.1695,-91.8678,21905
2020-04-17,US,Maine,827,29,352,44.6939,-69.3819,446
2020-04-17,US,Maryland,11572,334,736,39.0639,-76.8021,10502
2020-04-17,US,Massachusetts,34402,1245,0,42.2302,-71.5301,33157
2020-04-17,US,Michigan,30023,2227,629,43.3266,-84.5361,27167
2020-04-17,US,Minnesota,2070,111,1066,45.6945,-93.9002,893
2020-04-17,US,Mississippi,3793,140,0,32.7416,-89.6787,3653
2020-04-17,US,Missouri,5371,184,0,38.4561,-92.2884,5187
2020-04-17,US,Montana,422,8,233,46.9219,-110.4544,181
2020-04-17,US,Nebraska,1066,24,0,41.1254,-98.2681,1042
2020-04-17,US,Nevada,3524,142,0,38.3135,-117.0554,3382
2020-04-17,US,New Hampshire,1287,37,455,43.4525,-71.5639,795
2020-04-17,US,New Jersey,78467,3840,0,40.2989,-74.521,74627
2020-04-17,US,New Mexico,1597,44,353,34.8405,-106.2485,1200
2020-04-17,US,New York,230597,17131,23887,42.1657,-74.9481,189579
2020-04-17,US,North Carolina,6045,177,0,35.6301,-79.8064,5868
2020-04-17,US,North Dakota,393,9,172,47.5289,-99.784,212
2020-04-17,US,Ohio,9107,418,0,40.3888,-82.7649,8689
2020-04-17,US,Oklahoma,2465,136,1331,35.5653,-96.9289,998
2020-04-17,US,Oregon,1785,70,0,44.572,-122.0709,1715
2020-04-17,US,Pennsylvania,29888,921,0,40.5908,-77.2098,28967
2020-04-17,US,Rhode Island,4177,118,196,41.6809,-71.5118,3863
2020-04-17,US,South Carolina,4099,116,0,33.8569,-80.945,3983
2020-04-17,US,South Dakota,1411,7,457,44.2998,-99.4388,947
2020-04-17,US,Tennessee,6263,141,3017,35.7478,-86.6923,3105
2020-04-17,US,Texas,17849,451,4190,31.0545,-97.5635,13208
2020-04-17,US,Utah,2793,23,443,40.15,-111.8624,2327
2020-04-17,US,Vermont,779,35,15,44.0459,-72.7107,729
2020-04-17,US,Virginia,7491,231,1110,37.7693,-78.17,6150
2020-04-17,US,Washington,11517,603,0,47.4009,-121.4905,10914
2020-04-17,US,West Virginia,775,16,223,38.4912,-80.9545,536
2020-04-17,US,Wisconsin,4053,206,0,44.2685,-89.6165,3847
2020-04-17,US,Wyoming,305,2,148,42.756,-107.3025,155
2020-04-17,US,Recovered,0,0,58545,,,-58545
2020-04-18,US,Alabama,4712,153,0,32.3182,-86.9023,4559
2020-04-18,US,Alaska,314,9,147,61.3707,-152.4044,158
2020-04-18,US,Arizona,4724,180,539,33.7298,-111.4312,4005
2020-04-18,US,Arkansas,1744,38,703,34.9697,-92.3731,1003
2020-04-18,US,California,30491,1140,0,36.1162,-119.6816,29351
2020-04-18,US,Colorado,9047,389,0,39.0598,-105.3111,8658
2020-04-18,US,Connecticut,17550,1086,0,41.5978,-72.7554,16464
2020-04-18,US,Delaware,2538,67,423,39.3185,-75.5071,2048
2020-04-18,US,District of Columbia,2666,91,608,38.8974,-77.0268,1967
2020-04-18,US,Florida,25492,748,0,27.7663,-81.6868,24744
2020-04-18,US,Georgia,17669,673,0,33.0406,-83.6431,16996
2020-04-18,US,Hawaii,574,9,390,21.0943,-157.4983,175
2020-04-18,US,Idaho,1655,43,453,44.2405,-114.4788,1159
2020-04-18,US,Illinois,29160,1259,0,40.3495,-88.9861,27901
2020-04-18,US,Indiana,10641,545,0,39.8494,-86.2583,10096
2020-04-18,US,Iowa,2513,74,1095,42.0115,-93.2105,1344
2020-04-18,US,Kansas,1821,85,0,38.5266,-96.7265,1736
2020-04-18,US,Kentucky,2707,144,979,37.6681,-84.6701,1584
2020-04-18,US,Louisiana,23580,1267,0,31.1695,-91.8678,22313
2020-04-18,US,Maine,847,32,382,44.6939,-69.3819,433
2020-04-18,US,Maryland,12326,421,771,39.0639,-76.8021,11134
2020-04-18,US,Massachusetts,36372,1404,0,42.2302,-71.5301,34968
2020-04-18,US,Michigan,30791,2308,3237,43.3266,-84.5361,25246
2020-04-18,US,Minnesota,2209,121,1118,45.6945,-93.9002,970
2020-04-18,US,Mississippi,3974,152,0,32.7416,-89.6787,3822
2020-04-18,US,Missouri,5579,197,0,38.4561,-92.2884,5382
2020-04-18,US,Montana,426,10,234,46.9219,-110.4544,182
2020-04-18,US,Nebraska,1249,24,0,41.1254,-98.2681,1225
2020-04-18,US,Nevada,3626,151,0,38.3135,-117.0554,3475
2020-04-18,US,New Hampshire,1342,38,468,43.4525,-71.5639,836
2020-04-18,US,New Jersey,81420,4070,0,40.2989,-74.521,77350
2020-04-18,US,New Mexico,1798,53,382,34.8405,-106.2485,1363
2020-04-18,US,New York,241712,17671,23887,42.1657,-74.9481,200154
2020-04-18,US,North Carolina,6328,187,0,35.6301,-79.8064,6141
2020-04-18,US,North Dakota,528,9,183,47.5289,-99.784,336
2020-04-18,US,Ohio,10222,451,0,40.3888,-82.7649,9771
2020-04-18,US,Oklahoma,2465,136,1515,35.5653,-96.9289,814
2020-04-18,US,Oregon,1844,72,0,44.572,-122.0709,1772
2020-04-18,US,Pennsylvania,31652,1042,0,40.5908,-77.2098,30610
2020-04-18,US,Rhode Island,4491,137,217,41.6809,-71.5118,4137
2020-04-18,US,South Carolina,4248,119,2633,33.8569,-80.945,1496
2020-04-18,US,South Dakota,1542,7,552,44.2998,-99.4388,983
2020-04-18,US,Tennessee,6589,142,3234,35.7478,-86.6923,3213
2020-04-18,US,Texas,18704,476,4806,31.0545,-97.5635,13422
2020-04-18,US,Utah,2917,25,565,40.15,-111.8624,2327
2020-04-18,US,Vermont,803,38,15,44.0459,-72.7107,750
2020-04-18,US,Virginia,8053,258,1228,37.7693,-78.17,6567
2020-04-18,US,Washington,11776,613,0,47.4009,-121.4905,11163
2020-04-18,US,West Virginia,785,16,255,38.4912,-80.9545,514
2020-04-18,US,Wisconsin,4199,212,0,44.2685,-89.6165,3987
2020-04-18,US,Wyoming,309,2,206,42.756,-107.3025,101
2020-04-18,Canada,Recovered,0,0,10964,,,-10964
2020-04-18,US,Recovered,0,0,64840,,,-64840
2020-04-19,US,Alabama,4888,157,0,32.3182,-86.9023,4731
2020-04-19,US,Alaska,319,9,153,61.3707,-152.4044,157
2020-04-19,US,Arizona,4933,184,994,33.7298,-111.4312,3755
2020-04-19,US,Arkansas,1781,39,721,34.9697,-92.3731,1021
2020-04-19,US,California,31431,1177,0,36.1162,-119.6816,30254
2020-04-19,US,Colorado,9730,420,0,39.0598,-105.3111,9310
2020-04-19,US,Connecticut,17962,1127,0,41.5978,-72.7554,16835
2020-04-19,US,Delaware,2538,67,466,39.3185,-75.5071,2005
2020-04-19,US,District of Columbia,2793,96,622,38.8974,-77.0268,2075
2020-04-19,US,Florida,26314,774,0,27.7663,-81.6868,25540
2020-04-19,US,Georgia,18301,687,0,33.0406,-83.6431,17614
2020-04-19,US,Hawaii,580,10,410,21.0943,-157.4983,160
2020-04-19,US,Idaho,1668,44,520,44.2405,-114.4788,1104
2020-04-19,US,Illinois,30357,1290,0,40.3495,-88.9861,29067
2020-04-19,US,Indiana,11211,562,0,39.8494,-86.2583,10649
2020-04-19,US,Iowa,2902,75,1171,42.0115,-93.2105,1656
2020-04-19,US,Kansas,1905,93,0,38.5266,-96.7265,1812
2020-04-19,US,Kentucky,2960,146,1174,37.6681,-84.6701,1640
2020-04-19,US,Louisiana,23928,1296,0,31.1695,-91.8678,22632
2020-04-19,US,Maine,867,34,393,44.6939,-69.3819,440
2020-04-19,US,Maryland,12847,461,914,39.0639,-76.8021,11472
2020-04-19,US,Massachusetts,38077,1706,0,42.2302,-71.5301,36371
2020-04-19,US,Michigan,31424,2391,3237,43.3266,-84.5361,25796
2020-04-19,US,Minnesota,2356,134,1160,45.6945,-93.9002,1062
2020-04-19,US,Mississippi,4274,159,0,32.7416,-89.6787,4115
2020-04-19,US,Missouri,5743,199,0,38.4561,-92.2884,5544
2020-04-19,US,Montana,433,10,243,46.9219,-110.4544,180
2020-04-19,US,Nebraska,1474,28,0,41.1254,-98.2681,1446
2020-04-19,US,Nevada,3728,158,0,38.3135,-117.0554,3570
2020-04-19,US,New Hampshire,1390,38,513,43.4525,-71.5639,839
2020-04-19,US,New Jersey,85301,4362,0,40.2989,-74.521,80939
2020-04-19,US,New Mexico,1845,55,465,34.8405,-106.2485,1325
2020-04-19,US,New York,247815,18298,23887,42.1657,-74.9481,205630
2020-04-19,US,North Carolina,6601,200,0,35.6301,-79.8064,6401
2020-04-19,US,North Dakota,585,9,189,47.5289,-99.784,387
2020-04-19,US,Ohio,11602,471,0,40.3888,-82.7649,11131
2020-04-19,US,Oklahoma,2567,140,1575,35.5653,-96.9289,852
2020-04-19,US,Oregon,1910,74,0,44.572,-122.0709,1836
2020-04-19,US,Pennsylvania,32902,1276,0,40.5908,-77.2098,31626
2020-04-19,US,Rhode Island,4706,150,244,41.6809,-71.5118,4312
2020-04-19,US,South Carolina,4377,120,2633,33.8569,-80.945,1624
2020-04-19,US,South Dakota,1635,7,646,44.2998,-99.4388,982
2020-04-19,US,Tennessee,7070,148,3344,35.7478,-86.6923,3578
2020-04-19,US,Texas,19260,490,5334,31.0545,-97.5635,13436
2020-04-19,US,Utah,3069,27,679,40.15,-111.8624,2363
2020-04-19,US,Vermont,813,38,15,44.0459,-72.7107,760
2020-04-19,US,Virginia,8542,277,1267,37.7693,-78.17,6998
2020-04-19,US,Washington,12255,636,0,47.4009,-121.4905,11619
2020-04-19,US,West Virginia,890,18,265,38.4912,-80.9545,607
2020-04-19,US,Wisconsin,4346,220,0,44.2685,-89.6165,4126
2020-04-19,US,Wyoming,313,2,227,42.756,-107.3025,84
2020-04-19,Canada,Recovered,0,0,11847,,,-11847
2020-04-19,US,Recovered,0,0,70337,,,-70337
2020-04-20,US,Alabama,5079,163,0,32.3182,-86.9023,4916
2020-04-20,US,Alaska,321,9,161,61.3707,-152.4044,151
2020-04-20,US,Arizona,5068,191,1155,33.7298,-111.4312,3722
2020-04-20,US,Arkansas,1973,41,749,34.9697,-92.3731,1183
2020-04-20,US,California,33686,1225,0,36.1162,-119.6816,32461
2020-04-20,US,Colorado,9730,420,0,39.0598,-105.3111,9310
2020-04-20,US,Connecticut,19815,1331,0,41.5978,-72.7554,18484
2020-04-20,US,Delaware,2745,72,495,39.3185,-75.5071,2178
2020-04-20,US,District of Columbia,2927,105,630,38.8974,-77.0268,2192
2020-04-20,US,Florida,27059,822,0,27.7663,-81.6868,26237
2020-04-20,US,Georgia,19407,775,0,33.0406,-83.6431,18632
2020-04-20,US,Hawaii,584,10,414,21.0943,-157.4983,160
2020-04-20,US,Idaho,1672,45,585,44.2405,-114.4788,1042
2020-04-20,US,Illinois,31513,1349,0,40.3495,-88.9861,30164
2020-04-20,US,Indiana,11688,577,0,39.8494,-86.2583,11111
2020-04-20,US,Iowa,3159,79,1235,42.0115,-93.2105,1845
2020-04-20,US,Kansas,2048,102,0,38.5266,-96.7265,1946
2020-04-20,US,Kentucky,3050,154,1174,37.6681,-84.6701,1722
2020-04-20,US,Louisiana,24523,1328,0,31.1695,-91.8678,23195
2020-04-20,US,Maine,875,35,414,44.6939,-69.3819,426
2020-04-20,US,Maryland,13684,582,917,39.0639,-76.8021,12185
2020-04-20,US,Massachusetts,38077,1706,0,42.2302,-71.5301,36371
2020-04-20,US,Michigan,32000,2468,3237,43.3266,-84.5361,26295
2020-04-20,US,Minnesota,2470,143,1202,45.6945,-93.9002,1125
2020-04-20,US,Mississippi,4512,169,0,32.7416,-89.6787,4343
2020-04-20,US,Missouri,5890,200,0,38.4561,-92.2884,5690
2020-04-20,US,Montana,433,10,243,46.9219,-110.4544,180
2020-04-20,US,Nebraska,1648,33,0,41.1254,-98.2681,1615
2020-04-20,US,Nevada,3830,159,0,38.3135,-117.0554,3671
2020-04-20,US,New Hampshire,1447,42,521,43.4525,-71.5639,884
2020-04-20,US,New Jersey,88722,4496,0,40.2989,-74.521,84226
2020-04-20,US,New Mexico,1971,58,487,34.8405,-106.2485,1426
2020-04-20,US,New York,253060,18611,23887,42.1657,-74.9481,210562
2020-04-20,US,North Carolina,6895,218,0,35.6301,-79.8064,6677
2020-04-20,US,North Dakota,627,9,189,47.5289,-99.784,429
2020-04-20,US,Ohio,12919,509,0,40.3888,-82.7649,12410
2020-04-20,US,Oklahoma,2680,143,1614,35.5653,-96.9289,923
2020-04-20,US,Oregon,1957,75,0,44.572,-122.0709,1882
2020-04-20,US,Pennsylvania,33914,1348,0,40.5908,-77.2098,32566
2020-04-20,US,Rhode Island,5090,155,267,41.6809,-71.5118,4668
2020-04-20,US,South Carolina,4446,123,2063,33.8569,-80.945,2260
2020-04-20,US,South Dakota,1685,7,709,44.2998,-99.4388,969
2020-04-20,US,Tennessee,7238,152,3575,35.7478,-86.6923,3511
2020-04-20,US,Texas,19751,507,5706,31.0545,-97.5635,13538
2020-04-20,US,Utah,3213,28,776,40.15,-111.8624,2409
2020-04-20,US,Vermont,816,38,15,44.0459,-72.7107,763
2020-04-20,US,Virginia,8990,300,1324,37.7693,-78.17,7366
2020-04-20,US,Washington,12114,643,0,47.4009,-121.4905,11471
2020-04-20,US,West Virginia,902,24,290,38.4912,-80.9545,588
2020-04-20,US,Wisconsin,4499,230,0,44.2685,-89.6165,4269
2020-04-20,US,Wyoming,317,2,233,42.756,-107.3025,82
2020-04-20,US,Recovered,0,0,72329,,,-72329
2020-04-21,US,Alabama,5317,183,0,32.3182,-86.9023,5134
2020-04-21,US,Alaska,329,9,168,61.3707,-152.4044,152
2020-04-21,US,Arizona,5256,208,1155,33.7298,-111.4312,3893
2020-04-21,US,Arkansas,1990,42,809,34.9697,-92.3731,1139
2020-04-21,US,California,35465,1282,0,36.1162,-119.6816,34183
2020-04-21,US,Colorado,10473,483,0,39.0598,-105.3111,9990
2020-04-21,US,Connecticut,20360,1423,0,41.5978,-72.7554,18937
2020-04-21,US,Delaware,2931,82,565,39.3185,-75.5071,2284
2020-04-21,US,District of Columbia,3098,112,636,38.8974,-77.0268,2350
2020-04-21,US,Florida,27869,867,0,27.7663,-81.6868,27002
2020-04-21,US,Georgia,19881,798,0,33.0406,-83.6431,19083
2020-04-21,US,Hawaii,586,10,423,21.0943,-157.4983,153
2020-04-21,US,Idaho,1736,48,660,44.2405,-114.4788,1028
2020-04-21,US,Illinois,33059,1468,0,40.3495,-88.9861,31591
2020-04-21,US,Indiana,12097,635,0,39.8494,-86.2583,11462
2020-04-21,US,Iowa,3641,83,1293,42.0115,-93.2105,2265
2020-04-21,US,Kansas,2164,109,0,38.5266,-96.7265,2055
2020-04-21,US,Kentucky,3204,171,1174,37.6681,-84.6701,1859
2020-04-21,US,Louisiana,24854,1405,0,31.1695,-91.8678,23449
2020-04-21,US,Maine,888,36,443,44.6939,-69.3819,409
2020-04-21,US,Maryland,14193,652,930,39.0639,-76.8021,12611
2020-04-21,US,Massachusetts,41199,1961,0,42.2302,-71.5301,39238
2020-04-21,US,Michigan,32667,2575,3237,43.3266,-84.5361,26855
2020-04-21,US,Minnesota,2567,160,1254,45.6945,-93.9002,1153
2020-04-21,US,Mississippi,4716,183,0,32.7416,-89.6787,4533
2020-04-21,US,Missouri,6066,224,0,38.4561,-92.2884,5842
2020-04-21,US,Montana,437,12,273,46.9219,-110.4544,152
2020-04-21,US,Nebraska,1685,33,0,41.1254,-98.2681,1652
2020-04-21,US,Nevada,3937,163,0,38.3135,-117.0554,3774
2020-04-21,US,New Hampshire,1490,42,521,43.4525,-71.5639,927
2020-04-21,US,New Jersey,92387,4753,0,40.2989,-74.521,87634
2020-04-21,US,New Mexico,1971,58,501,34.8405,-106.2485,1412
2020-04-21,US,New York,258361,19104,23887,42.1657,-74.9481,215370
2020-04-21,US,North Carolina,7134,245,0,35.6301,-79.8064,6889
2020-04-21,US,North Dakota,644,13,214,47.5289,-99.784,417
2020-04-21,US,Ohio,13725,557,0,40.3888,-82.7649,13168
2020-04-21,US,Oklahoma,2807,164,1702,35.5653,-96.9289,941
2020-04-21,US,Oregon,2004,78,0,44.572,-122.0709,1926
2020-04-21,US,Pennsylvania,35249,1614,0,40.5908,-77.2098,33635
2020-04-21,US,Rhode Island,5500,171,315,41.6809,-71.5118,5014
2020-04-21,US,South Carolina,4439,124,2063,33.8569,-80.945,2252
2020-04-21,US,South Dakota,1755,8,824,44.2998,-99.4388,923
2020-04-21,US,Tennessee,7394,157,3828,35.7478,-86.6923,3409
2020-04-21,US,Texas,20574,533,6486,31.0545,-97.5635,13555
2020-04-21,US,Utah,3297,32,888,40.15,-111.8624,2377
2020-04-21,US,Vermont,818,40,1710,44.0459,-72.7107,-932
2020-04-21,US,Virginia,9630,324,1418,37.7693,-78.17,7888
2020-04-21,US,Washington,12392,664,0,47.4009,-121.4905,11728
2020-04-21,US,West Virginia,908,26,330,38.4912,-80.9545,552
2020-04-21,US,Wisconsin,4625,244,0,44.2685,-89.6165,4381
2020-04-21,US,Wyoming,443,2,237,42.756,-107.3025,204
2020-04-21,US,Recovered,0,0,75204,,,-75204
2020-04-22,US,Alabama,5593,196,0,32.3182,-86.9023,5397
2020-04-22,US,Alaska,335,9,196,61.3707,-152.4044,130
2020-04-22,US,Arizona,5473,231,1265,33.7298,-111.4312,3977
2020-04-22,US,Arkansas,2276,42,863,34.9697,-92.3731,1371
2020-04-22,US,California,37344,1421,0,36.1162,-119.6816,35923
2020-04-22,US,Colorado,10891,506,0,39.0598,-105.3111,10385
2020-04-22,US,Connecticut,22469,1544,0,41.5978,-72.7554,20925
2020-04-22,US,Delaware,3200,89,599,39.3185,-75.5071,2512
2020-04-22,US,District of Columbia,3206,127,645,38.8974,-77.0268,2434
2020-04-22,US,Florida,28309,893,0,27.7663,-81.6868,27416
2020-04-22,US,Georgia,21214,848,0,33.0406,-83.6431,20366
2020-04-22,US,Hawaii,592,12,437,21.0943,-157.4983,143
2020-04-22,US,Idaho,1766,51,710,44.2405,-114.4788,1005
2020-04-22,US,Illinois,35107,1565,0,40.3495,-88.9861,33542
2020-04-22,US,Indiana,12438,666,0,39.8494,-86.2583,11772
2020-04-22,US,Iowa,3748,90,1428,42.0115,-93.2105,2230
2020-04-22,US,Kansas,2331,112,0,38.5266,-96.7265,2219
2020-04-22,US,Kentucky,3378,185,1266,37.6681,-84.6701,1927
2020-04-22,US,Louisiana,25258,1473,0,31.1695,-91.8678,23785
2020-04-22,US,Maine,907,39,455,44.6939,-69.3819,413
2020-04-22,US,Maryland,14775,698,981,39.0639,-76.8021,13096
2020-04-22,US,Massachusetts,42944,2182,0,42.2302,-71.5301,40762
2020-04-22,US,Michigan,33966,2813,3237,43.3266,-84.5361,27916
2020-04-22,US,Minnesota,2722,179,1317,45.6945,-93.9002,1226
2020-04-22,US,Mississippi,4894,193,0,32.7416,-89.6787,4701
2020-04-22,US,Missouri,6277,238,0,38.4561,-92.2884,6039
2020-04-22,US,Montana,439,14,296,46.9219,-110.4544,129
2020-04-22,US,Nebraska,1813,38,0,41.1254,-98.2681,1775
2020-04-22,US,Nevada,4081,172,0,38.3135,-117.0554,3909
2020-04-22,US,New Hampshire,1588,48,546,43.4525,-71.5639,994
2020-04-22,US,New Jersey,95914,5150,0,40.2989,-74.521,90764
2020-04-22,US,New Mexico,2210,71,529,34.8405,-106.2485,1610
2020-04-22,US,New York,263292,19413,23887,42.1657,-74.9481,219992
2020-04-22,US,North Carolina,7495,265,0,35.6301,-79.8064,7230
2020-04-22,US,North Dakota,679,14,229,47.5289,-99.784,436
2020-04-22,US,Ohio,14117,610,0,40.3888,-82.7649,13507
2020-04-22,US,Oklahoma,2894,170,1772,35.5653,-96.9289,952
2020-04-22,US,Oregon,2059,78,0,44.572,-122.0709,1981
2020-04-22,US,Pennsylvania,36082,1673,0,40.5908,-77.2098,34409
2020-04-22,US,Rhode Island,5841,181,315,41.6809,-71.5118,5345
2020-04-22,US,South Carolina,4761,140,3317,33.8569,-80.945,1304
2020-04-22,US,South Dakota,1858,9,937,44.2998,-99.4388,912
2020-04-22,US,Tennessee,7394,157,4012,35.7478,-86.6923,3225
2020-04-22,US,Texas,21321,556,7341,31.0545,-97.5635,13424
2020-04-22,US,Utah,3445,32,970,40.15,-111.8624,2443
2020-04-22,US,Vermont,823,40,1710,44.0459,-72.7107,-927
2020-04-22,US,Virginia,10266,349,1497,37.7693,-78.17,8420
2020-04-22,US,Washington,12596,686,0,47.4009,-121.4905,11910
2020-04-22,US,West Virginia,939,27,330,38.4912,-80.9545,582
2020-04-22,US,Wisconsin,4845,248,0,44.2685,-89.6165,4597
2020-04-22,US,Wyoming,447,6,254,42.756,-107.3025,187
2020-04-22,US,Recovered,0,0,77366,,,-77366
2020-04-23,US,Alabama,5832,202,0,32.3182,-86.9023,5630
2020-04-23,US,Alaska,337,9,209,61.3707,-152.4044,119
2020-04-23,US,Arizona,5772,249,1282,33.7298,-111.4312,4241
2020-04-23,US,Arkansas,2599,45,902,34.9697,-92.3731,1652
2020-04-23,US,California,39561,1533,0,36.1162,-119.6816,38028
2020-04-23,US,Colorado,11278,552,0,39.0598,-105.3111,10726
2020-04-23,US,Connecticut,23100,1639,0,41.5978,-72.7554,21461
2020-04-23,US,Delaware,3308,92,643,39.3185,-75.5071,2573
2020-04-23,US,District of Columbia,3361,139,648,38.8974,-77.0268,2574
2020-04-23,US,Florida,29648,987,0,27.7663,-81.6868,28661
2020-04-23,US,Georgia,21883,881,0,33.0406,-83.6431,21002
2020-04-23,US,Hawaii,596,12,444,21.0943,-157.4983,140
2020-04-23,US,Idaho,1836,54,767,44.2405,-114.4788,1015
2020-04-23,US,Illinois,36937,1688,0,40.3495,-88.9861,35249
2020-04-23,US,Indiana,13039,706,0,39.8494,-86.2583,12333
2020-04-23,US,Iowa,3924,96,1492,42.0115,-93.2105,2336
2020-04-23,US,Kansas,2721,113,0,38.5266,-96.7265,2608
2020-04-23,US,Kentucky,3479,191,1311,37.6681,-84.6701,1977
2020-04-23,US,Louisiana,25739,1599,0,31.1695,-91.8678,24140
2020-04-23,US,Maine,937,44,485,44.6939,-69.3819,408
2020-04-23,US,Maryland,15737,748,1040,39.0639,-76.8021,13949
2020-04-23,US,Massachusetts,46023,2360,0,42.2302,-71.5301,43663
2020-04-23,US,Michigan,35296,2977,3237,43.3266,-84.5361,29082
2020-04-23,US,Minnesota,2942,200,1536,45.6945,-93.9002,1206
2020-04-23,US,Mississippi,5153,201,0,32.7416,-89.6787,4952
2020-04-23,US,Missouri,6506,252,0,38.4561,-92.2884,6254
2020-04-23,US,Montana,442,14,306,46.9219,-110.4544,122
2020-04-23,US,Nebraska,2202,47,0,41.1254,-98.2681,2155
2020-04-23,US,Nevada,4208,195,0,38.3135,-117.0554,4013
2020-04-23,US,New Hampshire,1670,51,550,43.4525,-71.5639,1069
2020-04-23,US,New Jersey,100025,5426,0,40.2989,-74.521,94599
2020-04-23,US,New Mexico,2379,78,547,34.8405,-106.2485,1754
2020-04-23,US,New York,263460,20973,23887,42.1657,-74.9481,218600
2020-04-23,US,North Carolina,7820,281,0,35.6301,-79.8064,7539
2020-04-23,US,North Dakota,709,15,269,47.5289,-99.784,425
2020-04-23,US,Ohio,14694,656,0,40.3888,-82.7649,14038
2020-04-23,US,Oklahoma,3017,179,1884,35.5653,-96.9289,954
2020-04-23,US,Oregon,2127,83,0,44.572,-122.0709,2044
2020-04-23,US,Pennsylvania,38379,1724,0,40.5908,-77.2098,36655
2020-04-23,US,Rhode Island,6256,189,342,41.6809,-71.5118,5725
2020-04-23,US,South Carolina,4917,150,3317,33.8569,-80.945,1450
2020-04-23,US,South Dakota,1956,9,1064,44.2998,-99.4388,883
2020-04-23,US,Tennessee,8266,171,4193,35.7478,-86.6923,3902
2020-04-23,US,Texas,22650,604,8025,31.0545,-97.5635,14021
2020-04-23,US,Utah,3612,35,1050,40.15,-111.8624,2527
2020-04-23,US,Vermont,825,43,1710,44.0459,-72.7107,-928
2020-04-23,US,Virginia,10998,373,1567,37.7693,-78.17,9058
2020-04-23,US,Washington,12753,711,0,47.4009,-121.4905,12042
2020-04-23,US,West Virginia,981,31,380,38.4912,-80.9545,570
2020-04-23,US,Wisconsin,5052,258,0,44.2685,-89.6165,4794
2020-04-23,US,Wyoming,453,7,275,42.756,-107.3025,171
2020-04-23,US,Recovered,0,0,80203,,,-80203
2020-04-24,US,Alabama,6026,209,0,32.3182,-86.9023,5817
2020-04-24,US,Alaska,339,9,208,61.3707,-152.4044,122
2020-04-24,US,Arizona,6045,266,1313,33.7298,-111.4312,4466
2020-04-24,US,Arkansas,2810,47,929,34.9697,-92.3731,1834
2020-04-24,US,California,41355,1621,0,36.1162,-119.6816,39734
2020-04-24,US,Colorado,12256,674,0,39.0598,-105.3111,11582
2020-04-24,US,Connecticut,23936,1767,0,41.5978,-72.7554,22169
2020-04-24,US,Delaware,3442,100,703,39.3185,-75.5071,2639
2020-04-24,US,District of Columbia,3528,153,651,38.8974,-77.0268,2724
2020-04-24,US,Florida,30533,1046,0,27.7663,-81.6868,29487
2020-04-24,US,Georgia,22491,899,0,33.0406,-83.6431,21592
2020-04-24,US,Hawaii,601,13,463,21.0943,-157.4983,125
2020-04-24,US,Idaho,1870,54,867,44.2405,-114.4788,949
2020-04-24,US,Illinois,39658,1795,0,40.3495,-88.9861,37863
2020-04-24,US,Indiana,13681,741,0,39.8494,-86.2583,12940
2020-04-24,US,Iowa,4445,107,1604,42.0115,-93.2105,2734
2020-04-24,US,Kansas,2959,118,0,38.5266,-96.7265,2841
2020-04-24,US,Kentucky,3779,200,1341,37.6681,-84.6701,2238
2020-04-24,US,Louisiana,26140,1660,14927,31.1695,-91.8678,9553
2020-04-24,US,Maine,965,47,499,44.6939,-69.3819,419
2020-04-24,US,Maryland,16616,798,1108,39.0639,-76.8021,14710
2020-04-24,US,Massachusetts,50969,2556,0,42.2302,-71.5301,48413
2020-04-24,US,Michigan,36641,3085,3237,43.3266,-84.5361,30319
2020-04-24,US,Minnesota,3185,221,1594,45.6945,-93.9002,1370
2020-04-24,US,Mississippi,5434,209,0,32.7416,-89.6787,5225
2020-04-24,US,Missouri,6788,272,0,38.4561,-92.2884,6516
2020-04-24,US,Montana,444,14,325,46.9219,-110.4544,105
2020-04-24,US,Nebraska,2424,50,0,41.1254,-98.2681,2374
2020-04-24,US,Nevada,4398,197,0,38.3135,-117.0554,4201
2020-04-24,US,New Hampshire,1720,53,578,43.4525,-71.5639,1089
2020-04-24,US,New Jersey,102196,5683,0,40.2989,-74.521,96513
2020-04-24,US,New Mexico,2521,84,614,34.8405,-106.2485,1823
2020-04-24,US,New York,271590,21411,23887,42.1657,-74.9481,226292
2020-04-24,US,North Carolina,8290,294,0,35.6301,-79.8064,7996
2020-04-24,US,North Dakota,748,15,285,47.5289,-99.784,448
2020-04-24,US,Ohio,15169,690,0,40.3888,-82.7649,14479
2020-04-24,US,Oklahoma,3121,188,1961,35.5653,-96.9289,972
2020-04-24,US,Oregon,2177,86,0,44.572,-122.0709,2091
2020-04-24,US,Pennsylvania,40208,1747,0,40.5908,-77.2098,38461
2020-04-24,US,Rhode Island,6699,202,377,41.6809,-71.5118,6120
2020-04-24,US,South Carolina,5070,157,3701,33.8569,-80.945,1212
2020-04-24,US,South Dakota,2040,10,1190,44.2998,-99.4388,840
2020-04-24,US,Tennessee,8728,169,4370,35.7478,-86.6923,4189
2020-04-24,US,Texas,23642,624,9156,31.0545,-97.5635,13862
2020-04-24,US,Utah,3782,39,1252,40.15,-111.8624,2491
2020-04-24,US,Vermont,827,44,1710,44.0459,-72.7107,-927
2020-04-24,US,Virginia,11594,411,1672,37.7693,-78.17,9511
2020-04-24,US,Washington,12977,722,0,47.4009,-121.4905,12255
2020-04-24,US,West Virginia,1010,32,439,38.4912,-80.9545,539
2020-04-24,US,Wisconsin,5356,263,0,44.2685,-89.6165,5093
2020-04-24,US,Wyoming,473,7,321,42.756,-107.3025,145
2020-04-24,US,Recovered,0,0,99079,,,-99079
2020-04-25,US,Alabama,6026,209,0,32.3182,-86.9023,5817
2020-04-25,US,Alaska,339,9,217,61.3707,-152.4044,113
2020-04-25,US,Arizona,6286,273,1345,33.7298,-111.4312,4668
2020-04-25,US,Arkansas,2911,48,964,34.9697,-92.3731,1899
2020-04-25,US,California,42368,1689,0,36.1162,-119.6816,40679
2020-04-25,US,Colorado,12968,684,2086,39.0598,-105.3111,10198
2020-04-25,US,Connecticut,24583,1865,0,41.5978,-72.7554,22718
2020-04-25,US,Delaware,3576,112,809,39.3185,-75.5071,2655
2020-04-25,US,District of Columbia,3699,165,652,38.8974,-77.0268,2882
2020-04-25,US,Florida,30839,1055,0,27.7663,-81.6868,29784
2020-04-25,US,Georgia,23222,907,0,33.0406,-83.6431,22315
2020-04-25,US,Hawaii,605,13,463,21.0943,-157.4983,129
2020-04-25,US,Idaho,1887,56,867,44.2405,-114.4788,964
2020-04-25,US,Illinois,41777,1875,0,40.3495,-88.9861,39902
2020-04-25,US,Indiana,14399,786,0,39.8494,-86.2583,13613
2020-04-25,US,Iowa,5092,112,1723,42.0115,-93.2105,3257
2020-04-25,US,Kansas,3135,120,0,38.5266,-96.7265,3015
2020-04-25,US,Kentucky,3915,205,1341,37.6681,-84.6701,2369
2020-04-25,US,Louisiana,26512,1707,14927,31.1695,-91.8678,9878
2020-04-25,US,Maine,965,47,519,44.6939,-69.3819,399
2020-04-25,US,Maryland,17766,875,1165,39.0639,-76.8021,15726
2020-04-25,US,Massachusetts,53348,2730,0,42.2302,-71.5301,50618
2020-04-25,US,Michigan,37074,3155,8342,43.3266,-84.5361,25577
2020-04-25,US,Minnesota,3446,244,1654,45.6945,-93.9002,1548
2020-04-25,US,Mississippi,5718,221,0,32.7416,-89.6787,5497
2020-04-25,US,Missouri,6935,281,0,38.4561,-92.2884,6654
2020-04-25,US,Montana,445,14,339,46.9219,-110.4544,92
2020-04-25,US,Nebraska,2719,50,0,41.1254,-98.2681,2669
2020-04-25,US,Nevada,4539,205,0,38.3135,-117.0554,4334
2020-04-25,US,New Hampshire,1797,53,578,43.4525,-71.5639,1166
2020-04-25,US,New Jersey,105498,5914,0,40.2989,-74.521,99584
2020-04-25,US,New Mexico,2660,93,614,34.8405,-106.2485,1953
2020-04-25,US,New York,282143,22009,23887,42.1657,-74.9481,236247
2020-04-25,US,North Carolina,8768,305,0,35.6301,-79.8064,8463
2020-04-25,US,North Dakota,803,16,310,47.5289,-99.784,477
2020-04-25,US,Ohio,15587,711,0,40.3888,-82.7649,14876
2020-04-25,US,Oklahoma,3194,194,2080,35.5653,-96.9289,920
2020-04-25,US,Oregon,2253,87,0,44.572,-122.0709,2166
2020-04-25,US,Pennsylvania,41153,1793,0,40.5908,-77.2098,39360
2020-04-25,US,Rhode Island,7129,215,410,41.6809,-71.5118,6504
2020-04-25,US,South Carolina,5253,166,3701,33.8569,-80.945,1386
2020-04-25,US,South Dakota,2147,10,1223,44.2998,-99.4388,914
2020-04-25,US,Tennessee,9189,177,4467,35.7478,-86.6923,4545
2020-04-25,US,Texas,24153,638,9986,31.0545,-97.5635,13529
2020-04-25,US,Utah,3948,41,1399,40.15,-111.8624,2508
2020-04-25,US,Vermont,843,46,1710,44.0459,-72.7107,-913
2020-04-25,US,Virginia,12366,437,1717,37.7693,-78.17,10212
2020-04-25,US,Washington,13319,737,0,47.4009,-121.4905,12582
2020-04-25,US,West Virginia,1010,32,439,38.4912,-80.9545,539
2020-04-25,US,Wisconsin,5687,266,0,44.2685,-89.6165,5421
2020-04-25,US,Wyoming,491,7,321,42.756,-107.3025,163
2020-04-25,US,Recovered,0,0,100372,,,-100372
2020-04-26,US,Alabama,6421,219,0,32.3182,-86.9023,6202
2020-04-26,US,Alaska,340,9,217,61.3707,-152.4044,114
2020-04-26,US,Arizona,6534,275,1383,33.7298,-111.4312,4876
2020-04-26,US,Arkansas,3001,51,985,34.9697,-92.3731,1965
2020-04-26,US,California,43558,1725,0,36.1162,-119.6816,41833
2020-04-26,US,Colorado,13441,688,2150,39.0598,-105.3111,10603
2020-04-26,US,Connecticut,25269,1924,0,41.5978,-72.7554,23345
2020-04-26,US,Delaware,4034,120,911,39.3185,-75.5071,3003
2020-04-26,US,District of Columbia,3841,178,657,38.8974,-77.0268,3006
2020-04-26,US,Florida,31532,1075,0,27.7663,-81.6868,30457
2020-04-26,US,Georgia,23486,916,0,33.0406,-83.6431,22570
2020-04-26,US,Hawaii,606,14,482,21.0943,-157.4983,110
2020-04-26,US,Idaho,1897,56,938,44.2405,-114.4788,903
2020-04-26,US,Illinois,43903,1933,0,40.3495,-88.9861,41970
2020-04-26,US,Indiana,15012,813,0,39.8494,-86.2583,14199
2020-04-26,US,Iowa,5476,118,1900,42.0115,-93.2105,3458
2020-04-26,US,Kansas,3277,121,0,38.5266,-96.7265,3156
2020-04-26,US,Kentucky,4085,208,1501,37.6681,-84.6701,2376
2020-04-26,US,Louisiana,26773,1729,14927,31.1695,-91.8678,10117
2020-04-26,US,Maine,1015,50,532,44.6939,-69.3819,433
2020-04-26,US,Maryland,18581,910,1177,39.0639,-76.8021,16494
2020-04-26,US,Massachusetts,54938,2899,0,42.2302,-71.5301,52039
2020-04-26,US,Michigan,37778,3315,8342,43.3266,-84.5361,26121
2020-04-26,US,Minnesota,3602,272,1774,45.6945,-93.9002,1556
2020-04-26,US,Mississippi,5911,227,0,32.7416,-89.6787,5684
2020-04-26,US,Missouri,7120,283,0,38.4561,-92.2884,6837
2020-04-26,US,Montana,448,14,339,46.9219,-110.4544,95
2020-04-26,US,Nebraska,3028,56,0,41.1254,-98.2681,2972
2020-04-26,US,Nevada,4734,206,0,38.3135,-117.0554,4528
2020-04-26,US,New Hampshire,1864,60,777,43.4525,-71.5639,1027
2020-04-26,US,New Jersey,109038,5938,0,40.2989,-74.521,103100
2020-04-26,US,New Mexico,2726,99,614,34.8405,-106.2485,2013
2020-04-26,US,New York,288045,22269,23887,42.1657,-74.9481,241889
2020-04-26,US,North Carolina,8997,324,0,35.6301,-79.8064,8673
2020-04-26,US,North Dakota,867,17,326,47.5289,-99.784,524
2020-04-26,US,Ohio,15972,728,0,40.3888,-82.7649,15244
2020-04-26,US,Oklahoma,3254,195,2139,35.5653,-96.9289,920
2020-04-26,US,Oregon,2311,92,0,44.572,-122.0709,2219
2020-04-26,US,Pennsylvania,42616,1816,0,40.5908,-77.2098,40800
2020-04-26,US,Rhode Island,7439,226,433,41.6809,-71.5118,6780
2020-04-26,US,South Carolina,5498,174,3701,33.8569,-80.945,1623
2020-04-26,US,South Dakota,2212,11,1257,44.2998,-99.4388,944
2020-04-26,US,Tennessee,9667,181,4527,35.7478,-86.6923,4959
2020-04-26,US,Texas,24967,651,10763,31.0545,-97.5635,13553
2020-04-26,US,Utah,4123,41,1568,40.15,-111.8624,2514
2020-04-26,US,Vermont,851,46,0,44.0459,-72.7107,805
2020-04-26,US,Virginia,12970,449,1815,37.7693,-78.17,10706
2020-04-26,US,Washington,13521,749,0,47.4009,-121.4905,12772
2020-04-26,US,West Virginia,1055,34,455,38.4912,-80.9545,566
2020-04-26,US,Wisconsin,5912,272,0,44.2685,-89.6165,5640
2020-04-26,US,Wyoming,502,7,334,42.756,-107.3025,161
2020-04-26,US,Recovered,0,0,106988,,,-106988
2020-04-27,US,Alabama,6539,228,0,32.3182,-86.9023,6311
2020-04-27,US,Alaska,345,9,218,61.3707,-152.4044,118
2020-04-27,US,Arizona,6725,275,1418,33.7298,-111.4312,5032
2020-04-27,US,Arkansas,3069,51,987,34.9697,-92.3731,2031
2020-04-27,US,California,44966,1779,0,36.1162,-119.6816,43187
2020-04-27,US,Colorado,13879,706,2150,39.0598,-105.3111,11023
2020-04-27,US,Connecticut,25997,2012,0,41.5978,-72.7554,23985
2020-04-27,US,Delaware,4162,125,996,39.3185,-75.5071,3041
2020-04-27,US,District of Columbia,3892,185,659,38.8974,-77.0268,3048
2020-04-27,US,Florida,32138,1088,0,27.7663,-81.6868,31050
2020-04-27,US,Georgia,24302,995,0,33.0406,-83.6431,23307
2020-04-27,US,Hawaii,607,16,488,21.0943,-157.4983,103
2020-04-27,US,Idaho,1897,56,983,44.2405,-114.4788,858
2020-04-27,US,Illinois,45883,1983,0,40.3495,-88.9861,43900
2020-04-27,US,Indiana,15961,844,0,39.8494,-86.2583,15117
2020-04-27,US,Iowa,5868,127,2021,42.0115,-93.2105,3720
2020-04-27,US,Kansas,3473,126,0,38.5266,-96.7265,3347
2020-04-27,US,Kentucky,4156,213,1511,37.6681,-84.6701,2432
2020-04-27,US,Louisiana,27068,1740,17303,31.1695,-91.8678,8025
2020-04-27,US,Maine,1023,51,549,44.6939,-69.3819,423
2020-04-27,US,Maryland,19487,945,1263,39.0639,-76.8021,17279
2020-04-27,US,Massachusetts,56462,3003,0,42.2302,-71.5301,53459
2020-04-27,US,Michigan,38210,3407,8342,43.3266,-84.5361,26461
2020-04-27,US,Minnesota,3811,286,1842,45.6945,-93.9002,1683
2020-04-27,US,Mississippi,6094,229,0,32.7416,-89.6787,5865
2020-04-27,US,Missouri,7305,343,0,38.4561,-92.2884,6962
2020-04-27,US,Montana,449,14,352,46.9219,-110.4544,83
2020-04-27,US,Nebraska,3358,56,0,41.1254,-98.2681,3302
2020-04-27,US,Nevada,4700,206,0,38.3135,-117.0554,4494
2020-04-27,US,New Hampshire,1938,60,779,43.4525,-71.5639,1099
2020-04-27,US,New Jersey,111188,6044,0,40.2989,-74.521,105144
2020-04-27,US,New Mexico,2825,99,650,34.8405,-106.2485,2076
2020-04-27,US,New York,291996,22668,23887,42.1657,-74.9481,245441
2020-04-27,US,North Carolina,9428,340,0,35.6301,-79.8064,9088
2020-04-27,US,North Dakota,942,19,350,47.5289,-99.784,573
2020-04-27,US,Ohio,16325,753,0,40.3888,-82.7649,15572
2020-04-27,US,Oklahoma,3281,197,2167,35.5653,-96.9289,917
2020-04-27,US,Oregon,2354,92,0,44.572,-122.0709,2262
2020-04-27,US,Pennsylvania,43558,1886,0,40.5908,-77.2098,41672
2020-04-27,US,Rhode Island,7708,233,452,41.6809,-71.5118,7023
2020-04-27,US,South Carolina,5613,177,3701,33.8569,-80.945,1735
2020-04-27,US,South Dakota,2244,11,1316,44.2998,-99.4388,917
2020-04-27,US,Tennessee,9918,184,4720,35.7478,-86.6923,5014
2020-04-27,US,Texas,25321,666,11170,31.0545,-97.5635,13485
2020-04-27,US,Utah,4236,41,1641,40.15,-111.8624,2554
2020-04-27,US,Vermont,855,47,0,44.0459,-72.7107,808
2020-04-27,US,Virginia,13538,460,1843,37.7693,-78.17,11235
2020-04-27,US,Washington,13686,764,0,47.4009,-121.4905,12922
2020-04-27,US,West Virginia,1063,34,455,38.4912,-80.9545,574
2020-04-27,US,Wisconsin,6081,281,0,44.2685,-89.6165,5800
2020-04-27,US,Wyoming,520,7,342,42.756,-107.3025,171
2020-04-27,US,Recovered,0,0,111424,,,-111424
2020-04-28,US,Alabama,6750,242,0,32.3182,-86.9023,6508
2020-04-28,US,Alaska,351,9,228,61.3707,-152.4044,114
2020-04-28,US,Arizona,6955,275,1450,33.7298,-111.4312,5230
2020-04-28,US,Arkansas,3127,57,1146,34.9697,-92.3731,1924
2020-04-28,US,California,46164,1864,0,36.1162,-119.6816,44300
2020-04-28,US,Colorado,14316,736,2275,39.0598,-105.3111,11305
2020-04-28,US,Connecticut,26312,2087,0,41.5978,-72.7554,24225
2020-04-28,US,Delaware,4575,137,1096,39.3185,-75.5071,3342
2020-04-28,US,District of Columbia,3994,190,660,38.8974,-77.0268,3144
2020-04-28,US,Florida,32848,1171,0,27.7663,-81.6868,31677
2020-04-28,US,Georgia,24922,1036,0,33.0406,-83.6431,23886
2020-04-28,US,Hawaii,609,16,493,21.0943,-157.4983,100
2020-04-28,US,Idaho,1952,60,1039,44.2405,-114.4788,853
2020-04-28,US,Illinois,48102,2125,0,40.3495,-88.9861,45977
2020-04-28,US,Indiana,16588,901,0,39.8494,-86.2583,15687
2020-04-28,US,Iowa,6376,136,2164,42.0115,-93.2105,4076
2020-04-28,US,Kansas,3652,127,0,38.5266,-96.7265,3525
2020-04-28,US,Kentucky,4375,225,1521,37.6681,-84.6701,2629
2020-04-28,US,Louisiana,27286,1801,17303,31.1695,-91.8678,8182
2020-04-28,US,Maine,1040,51,585,44.6939,-69.3819,404
2020-04-28,US,Maryland,20113,1016,1295,39.0639,-76.8021,17802
2020-04-28,US,Massachusetts,58302,3153,0,42.2302,-71.5301,55149
2020-04-28,US,Michigan,39262,3568,8342,43.3266,-84.5361,27352
2020-04-28,US,Minnesota,4181,301,1912,45.6945,-93.9002,1968
2020-04-28,US,Mississippi,6342,239,0,32.7416,-89.6787,6103
2020-04-28,US,Missouri,7450,330,0,38.4561,-92.2884,7120
2020-04-28,US,Montana,451,15,356,46.9219,-110.4544,80
2020-04-28,US,Nebraska,3517,56,0,41.1254,-98.2681,3461
2020-04-28,US,Nevada,4821,219,0,38.3135,-117.0554,4602
2020-04-28,US,New Hampshire,2010,60,798,43.4525,-71.5639,1152
2020-04-28,US,New Jersey,113856,6442,15642,40.2989,-74.521,91772
2020-04-28,US,New Mexico,2974,105,666,34.8405,-106.2485,2203
2020-04-28,US,New York,295106,22912,51630,42.1657,-74.9481,220564
2020-04-28,US,North Carolina,9755,363,0,35.6301,-79.8064,9392
2020-04-28,US,North Dakota,991,19,409,47.5289,-99.784,563
2020-04-28,US,Ohio,16769,799,0,40.3888,-82.7649,15970
2020-04-28,US,Oklahoma,3410,207,2260,35.5653,-96.9289,943
2020-04-28,US,Oregon,2385,99,0,44.572,-122.0709,2286
2020-04-28,US,Pennsylvania,45137,2046,0,40.5908,-77.2098,43091
2020-04-28,US,Rhode Island,7927,239,466,41.6809,-71.5118,7222
2020-04-28,US,South Carolina,5735,192,2830,33.8569,-80.945,2713
2020-04-28,US,South Dakota,2313,11,1392,44.2998,-99.4388,910
2020-04-28,US,Tennessee,10052,188,4921,35.7478,-86.6923,4943
2020-04-28,US,Texas,26357,719,11786,31.0545,-97.5635,13852
2020-04-28,US,Utah,4345,41,1704,40.15,-111.8624,2600
2020-04-28,US,Vermont,862,47,0,44.0459,-72.7107,815
2020-04-28,US,Virginia,14339,492,1914,37.7693,-78.17,11933
2020-04-28,US,Washington,13842,786,0,47.4009,-121.4905,13056
2020-04-28,US,West Virginia,1095,38,481,38.4912,-80.9545,576
2020-04-28,US,Wisconsin,6289,300,0,44.2685,-89.6165,5989
2020-04-28,US,Wyoming,536,7,343,42.756,-107.3025,186
2020-04-28,US,Recovered,0,0,115936,,,-115936
2020-04-29,US,Alabama,6912,256,0,32.3182,-86.9023,6656
2020-04-29,US,Alaska,355,9,240,61.3707,-152.4044,106
2020-04-29,US,Arizona,7209,308,1475,33.7298,-111.4312,5426
2020-04-29,US,Arkansas,3193,57,1249,34.9697,-92.3731,1887
2020-04-29,US,California,48747,1946,0,36.1162,-119.6816,46801
2020-04-29,US,Colorado,14758,766,2275,39.0598,-105.3111,11717
2020-04-29,US,Connecticut,26767,2169,0,41.5978,-72.7554,24598
2020-04-29,US,Delaware,4655,144,1173,39.3185,-75.5071,3338
2020-04-29,US,District of Columbia,4106,205,660,38.8974,-77.0268,3241
2020-04-29,US,Florida,33193,1218,0,27.7663,-81.6868,31975
2020-04-29,US,Georgia,25775,1101,0,33.0406,-83.6431,24674
2020-04-29,US,Hawaii,613,16,505,21.0943,-157.4983,92
2020-04-29,US,Idaho,1952,60,1087,44.2405,-114.4788,805
2020-04-29,US,Illinois,50358,2215,0,40.3495,-88.9861,48143
2020-04-29,US,Indiana,17182,964,0,39.8494,-86.2583,16218
2020-04-29,US,Iowa,6843,148,2428,42.0115,-93.2105,4267
2020-04-29,US,Kansas,3839,134,266,38.5266,-96.7265,3439
2020-04-29,US,Kentucky,4537,234,1617,37.6681,-84.6701,2686
2020-04-29,US,Louisiana,27660,1845,17303,31.1695,-91.8678,8512
2020-04-29,US,Maine,1056,52,615,44.6939,-69.3819,389
2020-04-29,US,Maryland,20849,1078,1361,39.0639,-76.8021,18410
2020-04-29,US,Massachusetts,60265,3405,0,42.2302,-71.5301,56860
2020-04-29,US,Michigan,40399,3670,8342,43.3266,-84.5361,28387
2020-04-29,US,Minnesota,4644,319,2043,45.6945,-93.9002,2282
2020-04-29,US,Mississippi,6569,250,3413,32.7416,-89.6787,2906
2020-04-29,US,Missouri,7660,338,0,38.4561,-92.2884,7322
2020-04-29,US,Montana,451,16,382,46.9219,-110.4544,53
2020-04-29,US,Nebraska,3851,56,0,41.1254,-98.2681,3795
2020-04-29,US,Nevada,4934,230,100,38.3135,-117.0554,4604
2020-04-29,US,New Hampshire,2058,60,936,43.4525,-71.5639,1062
2020-04-29,US,New Jersey,116365,6771,15642,40.2989,-74.521,93952
2020-04-29,US,New Mexico,3213,112,705,34.8405,-106.2485,2396
2020-04-29,US,New York,299691,23477,53238,42.1657,-74.9481,222976
2020-04-29,US,North Carolina,10180,382,0,35.6301,-79.8064,9798
2020-04-29,US,North Dakota,1033,19,437,47.5289,-99.784,577
2020-04-29,US,Ohio,17303,937,0,40.3888,-82.7649,16366
2020-04-29,US,Oklahoma,3473,214,2319,35.5653,-96.9289,940
2020-04-29,US,Oregon,2446,101,0,44.572,-122.0709,2345
2020-04-29,US,Pennsylvania,46327,2373,0,40.5908,-77.2098,43954
2020-04-29,US,Rhode Island,8247,251,391,41.6809,-71.5118,7605
2020-04-29,US,South Carolina,5882,231,3252,33.8569,-80.945,2399
2020-04-29,US,South Dakota,2373,13,1492,44.2998,-99.4388,868
2020-04-29,US,Tennessee,10366,195,5140,35.7478,-86.6923,5031
2020-04-29,US,Texas,27257,754,12507,31.0545,-97.5635,13996
2020-04-29,US,Utah,4497,45,1790,40.15,-111.8624,2662
2020-04-29,US,Vermont,862,47,0,44.0459,-72.7107,815
2020-04-29,US,Virginia,14962,522,2042,37.7693,-78.17,12398
2020-04-29,US,Washington,14070,801,0,47.4009,-121.4905,13269
2020-04-29,US,West Virginia,1110,38,504,38.4912,-80.9545,568
2020-04-29,US,Wisconsin,6520,308,0,44.2685,-89.6165,6212
2020-04-29,US,Wyoming,545,7,362,42.756,-107.3025,176
2020-04-29,US,Recovered,0,0,120720,,,-120720
2020-04-30,US,Alabama,7088,272,0,32.3182,-86.9023,6816
2020-04-30,US,Alaska,355,9,252,61.3707,-152.4044,94
2020-04-30,US,Arizona,7655,320,1499,33.7298,-111.4312,5836
2020-04-30,US,Arkansas,3281,61,1305,34.9697,-92.3731,1915
2020-04-30,US,California,50130,2031,0,36.1162,-119.6816,48099
2020-04-30,US,Colorado,15284,777,2415,39.0598,-105.3111,12092
2020-04-30,US,Connecticut,27700,2257,0,41.5978,-72.7554,25443
2020-04-30,US,Delaware,4734,152,1275,39.3185,-75.5071,3307
2020-04-30,US,District of Columbia,4323,224,660,38.8974,-77.0268,3439
2020-04-30,US,Florida,33690,1268,0,27.7663,-81.6868,32422
2020-04-30,US,Georgia,26264,1132,0,33.0406,-83.6431,25132
2020-04-30,US,Hawaii,618,16,516,21.0943,-157.4983,86
2020-04-30,US,Idaho,1984,60,1121,44.2405,-114.4788,803
2020-04-30,US,Illinois,52918,2355,0,40.3495,-88.9861,50563
2020-04-30,US,Indiana,17835,1114,0,39.8494,-86.2583,16721
2020-04-30,US,Iowa,7145,162,2697,42.0115,-93.2105,4286
2020-04-30,US,Kansas,4413,134,272,38.5266,-96.7265,4007
2020-04-30,US,Kentucky,4708,240,1668,37.6681,-84.6701,2800
2020-04-30,US,Louisiana,28001,1905,17303,31.1695,-91.8678,8793
2020-04-30,US,Maine,1095,53,631,44.6939,-69.3819,411
2020-04-30,US,Maryland,21742,1140,1432,39.0639,-76.8021,19170
2020-04-30,US,Massachusetts,62205,3562,0,42.2302,-71.5301,58643
2020-04-30,US,Michigan,41379,3789,8342,43.3266,-84.5361,29248
2020-04-30,US,Minnesota,5136,343,2172,45.6945,-93.9002,2621
2020-04-30,US,Mississippi,6815,261,3413,32.7416,-89.6787,3141
2020-04-30,US,Missouri,7818,350,0,38.4561,-92.2884,7468
2020-04-30,US,Montana,453,16,392,46.9219,-110.4544,45
2020-04-30,US,Nebraska,4281,70,0,41.1254,-98.2681,4211
2020-04-30,US,Nevada,5053,243,158,38.3135,-117.0554,4652
2020-04-30,US,New Hampshire,2146,72,980,43.4525,-71.5639,1094
2020-04-30,US,New Jersey,118652,7228,15642,40.2989,-74.521,95782
2020-04-30,US,New Mexico,3411,123,734,34.8405,-106.2485,2554
2020-04-30,US,New York,304372,23587,54771,42.1657,-74.9481,226014
2020-04-30,US,North Carolina,10754,406,0,35.6301,-79.8064,10348
2020-04-30,US,North Dakota,1067,19,458,47.5289,-99.784,590
2020-04-30,US,Ohio,18027,976,0,40.3888,-82.7649,17051
2020-04-30,US,Oklahoma,3618,222,2401,35.5653,-96.9289,995
2020-04-30,US,Oregon,2510,103,0,44.572,-122.0709,2407
2020-04-30,US,Pennsylvania,47971,2475,0,40.5908,-77.2098,45496
2020-04-30,US,Rhode Island,8621,266,461,41.6809,-71.5118,7894
2020-04-30,US,South Carolina,6095,244,3252,33.8569,-80.945,2599
2020-04-30,US,South Dakota,2449,17,1573,44.2998,-99.4388,859
2020-04-30,US,Tennessee,10735,199,5140,35.7478,-86.6923,5396
2020-04-30,US,Texas,28727,812,12507,31.0545,-97.5635,15408
2020-04-30,US,Utah,4672,46,1939,40.15,-111.8624,2687
2020-04-30,US,Vermont,866,49,0,44.0459,-72.7107,817
2020-04-30,US,Virginia,15847,552,2104,37.7693,-78.17,13191
2020-04-30,US,Washington,14327,814,0,47.4009,-121.4905,13513
2020-04-30,US,West Virginia,1125,41,545,38.4912,-80.9545,539
2020-04-30,US,Wisconsin,6854,316,3352,44.2685,-89.6165,3186
2020-04-30,US,Wyoming,559,7,371,42.756,-107.3025,181
2020-05-01,US,Alabama,7294,289,0,32.3182,-86.9023,7005
2020-05-01,US,Alaska,364,9,254,61.3707,-152.4044,101
2020-05-01,US,Arizona,7969,330,1528,33.7298,-111.4312,6111
2020-05-01,US,Arkansas,3337,64,1973,34.9697,-92.3731,1300
2020-05-01,US,California,52026,2126,0,36.1162,-119.6816,49900
2020-05-01,US,Colorado,15793,821,2486,39.0598,-105.3111,12486
2020-05-01,US,Connecticut,28764,2339,4346,41.5978,-72.7554,22079
2020-05-01,US,Delaware,4918,159,1403,39.3185,-75.5071,3356
2020-05-01,US,District of Columbia,4658,231,666,38.8974,-77.0268,3761
2020-05-01,US,Florida,34728,1314,0,27.7663,-81.6868,33414
2020-05-01,US,Georgia,27489,1169,0,33.0406,-83.6431,26320
2020-05-01,US,Hawaii,619,16,526,21.0943,-157.4983,77
2020-05-01,US,Idaho,2015,63,1175,44.2405,-114.4788,777
2020-05-01,US,Illinois,56055,2457,0,40.3495,-88.9861,53598
2020-05-01,US,Indiana,18630,1175,0,39.8494,-86.2583,17455
2020-05-01,US,Iowa,7884,170,2899,42.0115,-93.2105,4815
2020-05-01,US,Kansas,4634,140,280,38.5266,-96.7265,4214
2020-05-01,US,Kentucky,4882,246,1675,37.6681,-84.6701,2961
2020-05-01,US,Louisiana,28711,1970,17303,31.1695,-91.8678,9438
2020-05-01,US,Maine,1123,55,657,44.6939,-69.3819,411
2020-05-01,US,Maryland,23472,1080,1517,39.0639,-76.8021,20875
2020-05-01,US,Massachusetts,64311,3716,0,42.2302,-71.5301,60595
2020-05-01,US,Michigan,42356,3866,8342,43.3266,-84.5361,30148
2020-05-01,US,Minnesota,5730,370,2282,45.6945,-93.9002,3078
2020-05-01,US,Mississippi,7212,281,3413,32.7416,-89.6787,3518
2020-05-01,US,Missouri,8067,360,0,38.4561,-92.2884,7707
2020-05-01,US,Montana,453,16,397,46.9219,-110.4544,40
2020-05-01,US,Nebraska,5008,73,0,41.1254,-98.2681,4935
2020-05-01,US,Nevada,5248,246,182,38.3135,-117.0554,4820
2020-05-01,US,New Hampshire,2310,81,980,43.4525,-71.5639,1249
2020-05-01,US,New Jersey,121190,7538,15642,40.2989,-74.521,98010
2020-05-01,US,New Mexico,3513,131,760,34.8405,-106.2485,2622
2020-05-01,US,New York,308314,24039,56187,42.1657,-74.9481,228088
2020-05-01,US,North Carolina,11070,419,0,35.6301,-79.8064,10651
2020-05-01,US,North Dakota,1107,23,482,47.5289,-99.784,602
2020-05-01,US,Ohio,18743,1003,0,40.3888,-82.7649,17740
2020-05-01,US,Oklahoma,3748,230,2467,35.5653,-96.9289,1051
2020-05-01,US,Oregon,2579,104,0,44.572,-122.0709,2475
2020-05-01,US,Pennsylvania,49579,2635,0,40.5908,-77.2098,46944
2020-05-01,US,Rhode Island,8962,279,485,41.6809,-71.5118,8198
2020-05-01,US,South Carolina,6258,256,3622,33.8569,-80.945,2380
2020-05-01,US,South Dakota,2525,21,1686,44.2998,-99.4388,818
2020-05-01,US,Tennessee,11891,204,5546,35.7478,-86.6923,6141
2020-05-01,US,Texas,29692,840,14122,31.0545,-97.5635,14730
2020-05-01,US,Utah,4828,46,2062,40.15,-111.8624,2720
2020-05-01,US,Vermont,879,50,0,44.0459,-72.7107,829
2020-05-01,US,Virginia,16902,581,2196,37.7693,-78.17,14125
2020-05-01,US,Washington,14637,824,0,47.4009,-121.4905,13813
2020-05-01,US,West Virginia,1152,46,555,38.4912,-80.9545,551
2020-05-01,US,Wisconsin,7314,327,3352,44.2685,-89.6165,3635
2020-05-01,US,Wyoming,566,7,373,42.756,-107.3025,186
2020-05-02,US,Alabama,7611,288,0,32.3182,-86.9023,7323
2020-05-02,US,Alaska,365,9,261,61.3707,-152.4044,95
2020-05-02,US,Arizona,8364,330,1565,33.7298,-111.4312,6469
2020-05-02,US,Arkansas,3372,72,1987,34.9697,-92.3731,1313
2020-05-02,US,California,53347,2180,0,36.1162,-119.6816,51167
2020-05-02,US,Colorado,16225,832,2553,39.0598,-105.3111,12840
2020-05-02,US,Connecticut,29287,2436,4346,41.5978,-72.7554,22505
2020-05-02,US,Delaware,5038,168,1546,39.3185,-75.5071,3324
2020-05-02,US,District of Columbia,4797,240,666,38.8974,-77.0268,3891
2020-05-02,US,Florida,35463,1364,0,27.7663,-81.6868,34099
2020-05-02,US,Georgia,28331,1177,0,33.0406,-83.6431,27154
2020-05-02,US,Hawaii,620,16,532,21.0943,-157.4983,72
2020-05-02,US,Idaho,2061,64,1215,44.2405,-114.4788,782
2020-05-02,US,Illinois,58505,2559,0,40.3495,-88.9861,55946
2020-05-02,US,Indiana,19295,1115,0,39.8494,-86.2583,18180
2020-05-02,US,Iowa,8643,175,3156,42.0115,-93.2105,5312
2020-05-02,US,Kansas,4885,142,286,38.5266,-96.7265,4457
2020-05-02,US,Kentucky,4879,248,1752,37.6681,-84.6701,2879
2020-05-02,US,Louisiana,29140,1993,17303,31.1695,-91.8678,9844
2020-05-02,US,Maine,1153,56,689,44.6939,-69.3819,408
2020-05-02,US,Maryland,24473,1251,1590,39.0639,-76.8021,21632
2020-05-02,US,Massachusetts,66263,3846,0,42.2302,-71.5301,62417
2020-05-02,US,Michigan,43207,4021,15659,43.3266,-84.5361,23527
2020-05-02,US,Minnesota,6232,394,2397,45.6945,-93.9002,3441
2020-05-02,US,Mississippi,7441,291,3413,32.7416,-89.6787,3737
2020-05-02,US,Missouri,8356,376,0,38.4561,-92.2884,7980
2020-05-02,US,Montana,455,16,404,46.9219,-110.4544,35
2020-05-02,US,Nebraska,5317,73,0,41.1254,-98.2681,5244
2020-05-02,US,Nevada,5389,255,182,38.3135,-117.0554,4952
2020-05-02,US,New Hampshire,2429,84,980,43.4525,-71.5639,1365
2020-05-02,US,New Jersey,123717,7742,15642,40.2989,-74.521,100333
2020-05-02,US,New Mexico,3732,138,785,34.8405,-106.2485,2809
2020-05-02,US,New York,312977,24198,57540,42.1657,-74.9481,231239
2020-05-02,US,North Carolina,11588,431,0,35.6301,-79.8064,11157
2020-05-02,US,North Dakota,1153,24,510,47.5289,-99.784,619
2020-05-02,US,Ohio,19335,1022,0,40.3888,-82.7649,18313
2020-05-02,US,Oklahoma,3851,238,2554,35.5653,-96.9289,1059
2020-05-02,US,Oregon,2635,109,0,44.572,-122.0709,2526
2020-05-02,US,Pennsylvania,50494,2695,0,40.5908,-77.2098,47799
2020-05-02,US,Rhode Island,9289,296,531,41.6809,-71.5118,8462
2020-05-02,US,South Carolina,6489,267,3622,33.8569,-80.945,2600
2020-05-02,US,South Dakota,2588,21,1759,44.2998,-99.4388,808
2020-05-02,US,Tennessee,12661,209,5718,35.7478,-86.6923,6734
2020-05-02,US,Texas,30917,863,14891,31.0545,-97.5635,15163
2020-05-02,US,Utah,4985,49,2185,40.15,-111.8624,2751
2020-05-02,US,Vermont,886,51,0,44.0459,-72.7107,835
2020-05-02,US,Virginia,17738,617,2312,37.7693,-78.17,14809
2020-05-02,US,Washington,15003,830,0,47.4009,-121.4905,14173
2020-05-02,US,West Virginia,1185,48,572,38.4912,-80.9545,565
2020-05-02,US,Wisconsin,7660,334,3698,44.2685,-89.6165,3628
2020-05-02,US,Wyoming,579,7,387,42.756,-107.3025,185
2020-05-03,US,Alabama,7888,290,0,32.3182,-86.9023,7598
2020-05-03,US,Alaska,368,9,262,61.3707,-152.4044,97
2020-05-03,US,Arizona,8640,362,1597,33.7298,-111.4312,6681
2020-05-03,US,Arkansas,3437,76,1999,34.9697,-92.3731,1362
2020-05-03,US,California,54903,2216,0,36.1162,-119.6816,52687
2020-05-03,US,Colorado,16635,842,2607,39.0598,-105.3111,13186
2020-05-03,US,Connecticut,29287,2436,4346,41.5978,-72.7554,22505
2020-05-03,US,Delaware,5208,177,1640,39.3185,-75.5071,3391
2020-05-03,US,District of Columbia,5016,251,666,38.8974,-77.0268,4099
2020-05-03,US,Florida,36078,1379,0,27.7663,-81.6868,34699
2020-05-03,US,Georgia,28665,1184,0,33.0406,-83.6431,27481
2020-05-03,US,Hawaii,620,17,541,21.0943,-157.4983,62
2020-05-03,US,Idaho,2061,64,1267,44.2405,-114.4788,730
2020-05-03,US,Illinois,61499,2618,0,40.3495,-88.9861,58881
2020-05-03,US,Indiana,19933,1132,0,39.8494,-86.2583,18801
2020-05-03,US,Iowa,9175,184,3325,42.0115,-93.2105,5666
2020-05-03,US,Kansas,5156,144,286,38.5266,-96.7265,4726
2020-05-03,US,Kentucky,5130,253,1752,37.6681,-84.6701,3125
2020-05-03,US,Louisiana,29340,2012,17303,31.1695,-91.8678,10025
2020-05-03,US,Maine,1185,57,706,44.6939,-69.3819,422
2020-05-03,US,Maryland,25462,1281,1666,39.0639,-76.8021,22515
2020-05-03,US,Massachusetts,68087,4004,0,42.2302,-71.5301,64083
2020-05-03,US,Michigan,43801,4053,15659,43.3266,-84.5361,24089
2020-05-03,US,Minnesota,6663,418,3015,45.6945,-93.9002,3230
2020-05-03,US,Mississippi,7550,303,3413,32.7416,-89.6787,3834
2020-05-03,US,Missouri,8618,381,0,38.4561,-92.2884,8237
2020-05-03,US,Montana,455,16,404,46.9219,-110.4544,35
2020-05-03,US,Nebraska,5661,78,0,41.1254,-98.2681,5583
2020-05-03,US,Nevada,5472,258,182,38.3135,-117.0554,5032
2020-05-03,US,New Hampshire,2518,86,1107,43.4525,-71.5639,1325
2020-05-03,US,New Jersey,126744,7871,15642,40.2989,-74.521,103231
2020-05-03,US,New Mexico,3850,151,812,34.8405,-106.2485,2887
2020-05-03,US,New York,316415,24708,58950,42.1657,-74.9481,232757
2020-05-03,US,North Carolina,11770,434,0,35.6301,-79.8064,11336
2020-05-03,US,North Dakota,1191,25,517,47.5289,-99.784,649
2020-05-03,US,Ohio,19914,1039,0,40.3888,-82.7649,18875
2020-05-03,US,Oklahoma,3972,238,2635,35.5653,-96.9289,1099
2020-05-03,US,Oregon,2680,109,860,44.572,-122.0709,1711
2020-05-03,US,Pennsylvania,51225,2720,0,40.5908,-77.2098,48505
2020-05-03,US,Rhode Island,9477,320,565,41.6809,-71.5118,8592
2020-05-03,US,South Carolina,6626,275,3622,33.8569,-80.945,2729
2020-05-03,US,South Dakota,2631,21,1799,44.2998,-99.4388,811
2020-05-03,US,Tennessee,13177,210,5814,35.7478,-86.6923,7153
2020-05-03,US,Texas,31998,878,15544,31.0545,-97.5635,15576
2020-05-03,US,Utah,5175,50,2238,40.15,-111.8624,2887
2020-05-03,US,Vermont,897,53,0,44.0459,-72.7107,844
2020-05-03,US,Virginia,18672,660,2497,37.7693,-78.17,15515
2020-05-03,US,Washington,15185,834,0,47.4009,-121.4905,14351
2020-05-03,US,West Virginia,1195,48,611,38.4912,-80.9545,536
2020-05-03,US,Wisconsin,7964,339,3723,44.2685,-89.6165,3902
2020-05-03,US,Wyoming,586,7,391,42.756,-107.3025,188
2020-05-04,US,Alabama,8112,298,0,32.3182,-86.9023,7814
2020-05-04,US,Alaska,370,9,263,61.3707,-152.4044,98
2020-05-04,US,Arizona,8924,362,1632,33.7298,-111.4312,6930
2020-05-04,US,Arkansas,3491,80,2016,34.9697,-92.3731,1395
2020-05-04,US,California,55884,2278,0,36.1162,-119.6816,53606
2020-05-04,US,Colorado,16918,851,2650,39.0598,-105.3111,13417
2020-05-04,US,Connecticut,29973,2556,4346,41.5978,-72.7554,23071
2020-05-04,US,Delaware,5288,182,1716,39.3185,-75.5071,3390
2020-05-04,US,District of Columbia,5170,258,666,38.8974,-77.0268,4246
2020-05-04,US,Florida,36897,1399,0,27.7663,-81.6868,35498
2020-05-04,US,Georgia,29451,1246,0,33.0406,-83.6431,28205
2020-05-04,US,Hawaii,621,17,544,21.0943,-157.4983,60
2020-05-04,US,Idaho,2106,64,1267,44.2405,-114.4788,775
2020-05-04,US,Illinois,63777,2659,0,40.3495,-88.9861,61118
2020-05-04,US,Indiana,20507,1151,0,39.8494,-86.2583,19356
2020-05-04,US,Iowa,9703,188,3486,42.0115,-93.2105,6029
2020-05-04,US,Kansas,5383,156,291,38.5266,-96.7265,4936
2020-05-04,US,Kentucky,5245,261,1892,37.6681,-84.6701,3092
2020-05-04,US,Louisiana,29673,2064,20316,31.1695,-91.8678,7293
2020-05-04,US,Maine,1205,57,720,44.6939,-69.3819,428
2020-05-04,US,Maryland,26408,1317,1695,39.0639,-76.8021,23396
2020-05-04,US,Massachusetts,69087,4090,0,42.2302,-71.5301,64997
2020-05-04,US,Michigan,43990,4139,15659,43.3266,-84.5361,24192
2020-05-04,US,Minnesota,7234,427,4212,45.6945,-93.9002,2595
2020-05-04,US,Mississippi,7877,310,4421,32.7416,-89.6787,3146
2020-05-04,US,Missouri,8946,386,0,38.4561,-92.2884,8560
2020-05-04,US,Montana,457,16,404,46.9219,-110.4544,37
2020-05-04,US,Nebraska,6037,78,0,41.1254,-98.2681,5959
2020-05-04,US,Nevada,5630,265,185,38.3135,-117.0554,5180
2020-05-04,US,New Hampshire,2588,86,1017,43.4525,-71.5639,1485
2020-05-04,US,New Jersey,128269,7910,15642,40.2989,-74.521,104717
2020-05-04,US,New Mexico,4031,156,832,34.8405,-106.2485,3043
2020-05-04,US,New York,318953,24999,58950,42.1657,-74.9481,235004
2020-05-04,US,North Carolina,11971,442,0,35.6301,-79.8064,11529
2020-05-04,US,North Dakota,1225,25,540,47.5289,-99.784,660
2020-05-04,US,Ohio,20474,1057,0,40.3888,-82.7649,19417
2020-05-04,US,Oklahoma,4044,238,2682,35.5653,-96.9289,1124
2020-05-04,US,Oregon,2759,109,860,44.572,-122.0709,1790
2020-05-04,US,Pennsylvania,52816,2838,0,40.5908,-77.2098,49978
2020-05-04,US,Rhode Island,9652,341,601,41.6809,-71.5118,8710
2020-05-04,US,South Carolina,6757,283,3622,33.8569,-80.945,2852
2020-05-04,US,South Dakota,2668,21,1830,44.2998,-99.4388,817
2020-05-04,US,Tennessee,13571,219,6081,35.7478,-86.6923,7271
2020-05-04,US,Texas,32783,901,16090,31.0545,-97.5635,15792
2020-05-04,US,Utah,5317,50,2342,40.15,-111.8624,2925
2020-05-04,US,Vermont,902,52,0,44.0459,-72.7107,850
2020-05-04,US,Virginia,19493,684,2547,37.7693,-78.17,16262
2020-05-04,US,Washington,15462,841,0,47.4009,-121.4905,14621
2020-05-04,US,West Virginia,1224,48,611,38.4912,-80.9545,565
2020-05-04,US,Wisconsin,8236,340,3973,44.2685,-89.6165,3923
2020-05-04,US,Wyoming,596,7,391,42.756,-107.3025,198
2020-05-05,US,Alabama,8437,315,0,32.3182,-86.9023,8122
2020-05-05,US,Alaska,371,9,277,61.3707,-152.4044,85
2020-05-05,US,Arizona,9305,395,1671,33.7298,-111.4312,7239
2020-05-05,US,Arkansas,3525,83,2041,34.9697,-92.3731,1401
2020-05-05,US,California,58456,2381,0,36.1162,-119.6816,56075
2020-05-05,US,Colorado,17367,903,2743,39.0598,-105.3111,13721
2020-05-05,US,Connecticut,30621,2633,4346,41.5978,-72.7554,23642
2020-05-05,US,Delaware,5371,187,1847,39.3185,-75.5071,3337
2020-05-05,US,District of Columbia,5322,264,667,38.8974,-77.0268,4391
2020-05-05,US,Florida,37439,1471,0,27.7663,-81.6868,35968
2020-05-05,US,Georgia,29998,1299,0,33.0406,-83.6431,28699
2020-05-05,US,Hawaii,625,17,548,21.0943,-157.4983,60
2020-05-05,US,Idaho,2127,65,1358,44.2405,-114.4788,704
2020-05-05,US,Illinois,65889,2834,0,40.3495,-88.9861,63055
2020-05-05,US,Indiana,21033,1211,0,39.8494,-86.2583,19822
2020-05-05,US,Iowa,10111,207,3572,42.0115,-93.2105,6332
2020-05-05,US,Kansas,5648,161,296,38.5266,-96.7265,5191
2020-05-05,US,Kentucky,5822,275,1892,37.6681,-84.6701,3655
2020-05-05,US,Louisiana,29996,2115,20316,31.1695,-91.8678,7565
2020-05-05,US,Maine,1226,61,741,44.6939,-69.3819,424
2020-05-05,US,Maryland,27117,1390,1810,39.0639,-76.8021,23917
2020-05-05,US,Massachusetts,70271,4212,0,42.2302,-71.5301,66059
2020-05-05,US,Michigan,44451,4183,15659,43.3266,-84.5361,24609
2020-05-05,US,Minnesota,7851,455,4614,45.6945,-93.9002,2782
2020-05-05,US,Mississippi,8207,342,4421,32.7416,-89.6787,3444
2020-05-05,US,Missouri,9121,409,0,38.4561,-92.2884,8712
2020-05-05,US,Montana,456,16,410,46.9219,-110.4544,30
2020-05-05,US,Nebraska,6373,78,0,41.1254,-98.2681,6295
2020-05-05,US,Nevada,5660,270,200,38.3135,-117.0554,5190
2020-05-05,US,New Hampshire,2636,92,1019,43.4525,-71.5639,1525
2020-05-05,US,New Jersey,130593,8244,15642,40.2989,-74.521,106707
2020-05-05,US,New Mexico,4138,162,842,34.8405,-106.2485,3134
2020-05-05,US,New York,321192,25124,58950,42.1657,-74.9481,237118
2020-05-05,US,North Carolina,12510,472,0,35.6301,-79.8064,12038
2020-05-05,US,North Dakota,1266,25,559,47.5289,-99.784,682
2020-05-05,US,Ohio,20969,1135,0,40.3888,-82.7649,19834
2020-05-05,US,Oklahoma,4127,247,2830,35.5653,-96.9289,1050
2020-05-05,US,Oregon,2839,113,860,44.572,-122.0709,1866
2020-05-05,US,Pennsylvania,53864,3179,0,40.5908,-77.2098,50685
2020-05-05,US,Rhode Island,9933,355,639,41.6809,-71.5118,8939
2020-05-05,US,South Carolina,6841,296,3622,33.8569,-80.945,2923
2020-05-05,US,South Dakota,2721,24,1895,44.2998,-99.4388,802
2020-05-05,US,Tennessee,13690,226,6356,35.7478,-86.6923,7108
2020-05-05,US,Texas,33912,925,16791,31.0545,-97.5635,16196
2020-05-05,US,Utah,5449,56,2387,40.15,-111.8624,3006
2020-05-05,US,Vermont,907,52,0,44.0459,-72.7107,855
2020-05-05,US,Virginia,20257,713,2617,37.7693,-78.17,16927
2020-05-05,US,Washington,15594,862,0,47.4009,-121.4905,14732
2020-05-05,US,West Virginia,1246,48,630,38.4912,-80.9545,568
2020-05-05,US,Wisconsin,8566,353,4131,44.2685,-89.6165,4082
2020-05-05,US,Wyoming,604,7,405,42.756,-107.3025,192
2020-05-06,US,Alabama,8691,343,0,32.3182,-86.9023,8348
2020-05-06,US,Alaska,372,10,284,61.3707,-152.4044,78
2020-05-06,US,Arizona,9707,426,1693,33.7298,-111.4312,7588
2020-05-06,US,Arkansas,3611,87,2109,34.9697,-92.3731,1415
2020-05-06,US,California,60616,2464,0,36.1162,-119.6816,58152
2020-05-06,US,Colorado,17832,919,2801,39.0598,-105.3111,14112
2020-05-06,US,Connecticut,30995,2718,4346,41.5978,-72.7554,23931
2020-05-06,US,Delaware,5778,193,2008,39.3185,-75.5071,3577
2020-05-06,US,District of Columbia,5461,277,808,38.8974,-77.0268,4376
2020-05-06,US,Florida,38002,1539,0,27.7663,-81.6868,36463
2020-05-06,US,Georgia,30743,1327,0,33.0406,-83.6431,29416
2020-05-06,US,Hawaii,626,17,551,21.0943,-157.4983,58
2020-05-06,US,Idaho,2158,66,1379,44.2405,-114.4788,713
2020-05-06,US,Illinois,68232,2974,0,40.3495,-88.9861,65258
2020-05-06,US,Indiana,21870,1377,0,39.8494,-86.2583,20493
2020-05-06,US,Iowa,10404,219,3803,42.0115,-93.2105,6382
2020-05-06,US,Kansas,5993,164,318,38.5266,-96.7265,5511
2020-05-06,US,Kentucky,5934,283,2058,37.6681,-84.6701,3593
2020-05-06,US,Louisiana,30399,2167,20316,31.1695,-91.8678,7916
2020-05-06,US,Maine,1254,62,766,44.6939,-69.3819,426
2020-05-06,US,Maryland,28163,1437,1903,39.0639,-76.8021,24823
2020-05-06,US,Massachusetts,72025,4420,0,42.2302,-71.5301,67605
2020-05-06,US,Michigan,45179,4256,15659,43.3266,-84.5361,25264
2020-05-06,US,Minnesota,8579,485,5005,45.6945,-93.9002,3089
2020-05-06,US,Mississippi,8424,374,4421,32.7416,-89.6787,3629
2020-05-06,US,Missouri,9323,428,0,38.4561,-92.2884,8895
2020-05-06,US,Montana,456,16,417,46.9219,-110.4544,23
2020-05-06,US,Nebraska,6689,78,0,41.1254,-98.2681,6611
2020-05-06,US,Nevada,5741,289,203,38.3135,-117.0554,5249
2020-05-06,US,New Hampshire,2741,92,1105,43.4525,-71.5639,1544
2020-05-06,US,New Jersey,131890,8549,15642,40.2989,-74.521,107699
2020-05-06,US,New Mexico,4291,169,964,34.8405,-106.2485,3158
2020-05-06,US,New York,323978,25623,54597,42.1657,-74.9481,243758
2020-05-06,US,North Carolina,13053,492,0,35.6301,-79.8064,12561
2020-05-06,US,North Dakota,1323,31,582,47.5289,-99.784,710
2020-05-06,US,Ohio,21576,1225,0,40.3888,-82.7649,20351
2020-05-06,US,Oklahoma,4202,253,2909,35.5653,-96.9289,1040
2020-05-06,US,Oregon,2916,115,1125,44.572,-122.0709,1676
2020-05-06,US,Pennsylvania,54800,3345,0,40.5908,-77.2098,51455
2020-05-06,US,Rhode Island,10205,370,665,41.6809,-71.5118,9170
2020-05-06,US,South Carolina,6936,305,3816,33.8569,-80.945,2815
2020-05-06,US,South Dakota,2780,29,1977,44.2998,-99.4388,774
2020-05-06,US,Tennessee,13938,239,6564,35.7478,-86.6923,7135
2020-05-06,US,Texas,34928,954,17622,31.0545,-97.5635,16352
2020-05-06,US,Utah,5595,58,2509,40.15,-111.8624,3028
2020-05-06,US,Vermont,908,52,706,44.0459,-72.7107,150
2020-05-06,US,Virginia,20257,713,2617,37.7693,-78.17,16927
2020-05-06,US,Washington,15905,870,0,47.4009,-121.4905,15035
2020-05-06,US,West Virginia,1242,50,716,38.4912,-80.9545,476
2020-05-06,US,Wisconsin,8901,362,4348,44.2685,-89.6165,4191
2020-05-06,US,Wyoming,631,7,409,42.756,-107.3025,215
2020-05-07,US,Alabama,9046,369,0,32.3182,-86.9023,8677
2020-05-07,US,Alaska,374,10,291,61.3707,-152.4044,73
2020-05-07,US,Arizona,9945,450,1722,33.7298,-111.4312,7773
2020-05-07,US,Arkansas,3703,87,2123,34.9697,-92.3731,1493
2020-05-07,US,California,62148,2535,0,36.1162,-119.6816,59613
2020-05-07,US,Colorado,18370,944,2869,39.0598,-105.3111,14557
2020-05-07,US,Connecticut,31784,2797,5413,41.5978,-72.7554,23574
2020-05-07,US,Delaware,5939,202,2110,39.3185,-75.5071,3627
2020-05-07,US,District of Columbia,5654,285,825,38.8974,-77.0268,4544
2020-05-07,US,Florida,38828,1600,0,27.7663,-81.6868,37228
2020-05-07,US,Georgia,31618,1355,0,33.0406,-83.6431,30263
2020-05-07,US,Hawaii,629,17,558,21.0943,-157.4983,54
2020-05-07,US,Idaho,2178,67,1399,44.2405,-114.4788,712
2020-05-07,US,Illinois,70871,3111,0,40.3495,-88.9861,67760
2020-05-07,US,Indiana,22503,1414,0,39.8494,-86.2583,21089
2020-05-07,US,Iowa,11059,231,4266,42.0115,-93.2105,6562
2020-05-07,US,Kansas,6332,165,323,38.5266,-96.7265,5844
2020-05-07,US,Kentucky,6129,294,2125,37.6681,-84.6701,3710
2020-05-07,US,Louisiana,30652,2208,20316,31.1695,-91.8678,8128
2020-05-07,US,Maine,1330,62,787,44.6939,-69.3819,481
2020-05-07,US,Maryland,29374,1503,2029,39.0639,-76.8021,25842
2020-05-07,US,Massachusetts,73721,4552,0,42.2302,-71.5301,69169
2020-05-07,US,Michigan,45745,4345,15659,43.3266,-84.5361,25741
2020-05-07,US,Minnesota,9365,508,5308,45.6945,-93.9002,3549
2020-05-07,US,Mississippi,8686,396,4421,32.7416,-89.6787,3869
2020-05-07,US,Missouri,9581,449,0,38.4561,-92.2884,9132
2020-05-07,US,Montana,456,16,417,46.9219,-110.4544,23
2020-05-07,US,Nebraska,7334,91,0,41.1254,-98.2681,7243
2020-05-07,US,Nevada,5855,297,205,38.3135,-117.0554,5353
2020-05-07,US,New Hampshire,2843,114,1110,43.4525,-71.5639,1619
2020-05-07,US,New Jersey,133991,8807,15642,40.2989,-74.521,109542
2020-05-07,US,New Mexico,4493,172,1073,34.8405,-106.2485,3248
2020-05-07,US,New York,327469,26144,55547,42.1657,-74.9481,245778
2020-05-07,US,North Carolina,13540,513,0,35.6301,-79.8064,13027
2020-05-07,US,North Dakota,1371,31,601,47.5289,-99.784,739
2020-05-07,US,Ohio,22131,1271,0,40.3888,-82.7649,20860
2020-05-07,US,Oklahoma,4330,260,2985,35.5653,-96.9289,1085
2020-05-07,US,Oregon,2989,121,1125,44.572,-122.0709,1743
2020-05-07,US,Pennsylvania,55956,3589,0,40.5908,-77.2098,52367
2020-05-07,US,Rhode Island,10530,388,696,41.6809,-71.5118,9446
2020-05-07,US,South Carolina,7142,316,3816,33.8569,-80.945,3010
2020-05-07,US,South Dakota,2906,31,2028,44.2998,-99.4388,847
2020-05-07,US,Tennessee,14096,238,6783,35.7478,-86.6923,7075
2020-05-07,US,Texas,36036,985,18440,31.0545,-97.5635,16611
2020-05-07,US,Utah,5724,61,2640,40.15,-111.8624,3023
2020-05-07,US,Vermont,916,53,718,44.0459,-72.7107,145
2020-05-07,US,Virginia,21570,769,2825,37.7693,-78.17,17976
2020-05-07,US,Washington,16231,891,0,47.4009,-121.4905,15340
2020-05-07,US,West Virginia,1287,51,716,38.4912,-80.9545,520
2020-05-07,US,Wisconsin,9215,374,4520,44.2685,-89.6165,4321
2020-05-07,US,Wyoming,635,7,416,42.756,-107.3025,212
2020-05-08,US,Alabama,9385,383,0,32.3182,-86.9023,9002
2020-05-08,US,Alaska,377,10,305,61.3707,-152.4044,62
2020-05-08,US,Arizona,10526,517,1747,33.7298,-111.4312,8262
2020-05-08,US,Arkansas,3747,88,2159,34.9697,-92.3731,1500
2020-05-08,US,California,63779,2613,0,36.1162,-119.6816,61166
2020-05-08,US,Colorado,18827,960,2869,39.0598,-105.3111,14998
2020-05-08,US,Connecticut,32411,2874,5413,41.5978,-72.7554,24124
2020-05-08,US,Delaware,6111,213,2288,39.3185,-75.5071,3610
2020-05-08,US,District of Columbia,5899,304,825,38.8974,-77.0268,4770
2020-05-08,US,Florida,39199,1669,0,27.7663,-81.6868,37530
2020-05-08,US,Georgia,32181,1400,0,33.0406,-83.6431,30781
2020-05-08,US,Hawaii,629,17,565,21.0943,-157.4983,47
2020-05-08,US,Idaho,2178,67,1420,44.2405,-114.4788,691
2020-05-08,US,Illinois,73760,3241,0,40.3495,-88.9861,70519
2020-05-08,US,Indiana,23146,1447,0,39.8494,-86.2583,21699
2020-05-08,US,Iowa,11457,243,4685,42.0115,-93.2105,6529
2020-05-08,US,Kansas,6667,168,332,38.5266,-96.7265,6167
2020-05-08,US,Kentucky,6288,298,2177,37.6681,-84.6701,3813
2020-05-08,US,Louisiana,30855,2227,20316,31.1695,-91.8678,8312
2020-05-08,US,Maine,1374,63,836,44.6939,-69.3819,475
2020-05-08,US,Maryland,30485,1560,2041,39.0639,-76.8021,26884
2020-05-08,US,Massachusetts,75333,4702,0,42.2302,-71.5301,70631
2020-05-08,US,Michigan,46386,4399,15659,43.3266,-84.5361,26328
2020-05-08,US,Minnesota,10088,534,5697,45.6945,-93.9002,3857
2020-05-08,US,Mississippi,9090,409,4421,32.7416,-89.6787,4260
2020-05-08,US,Missouri,9733,483,0,38.4561,-92.2884,9250
2020-05-08,US,Montana,458,16,420,46.9219,-110.4544,22
2020-05-08,US,Nebraska,7818,90,0,41.1254,-98.2681,7728
2020-05-08,US,Nevada,5920,294,205,38.3135,-117.0554,5421
2020-05-08,US,New Hampshire,2947,121,1165,43.4525,-71.5639,1661
2020-05-08,US,New Jersey,135840,8960,15642,40.2989,-74.521,111238
2020-05-08,US,New Mexico,4673,181,1125,34.8405,-106.2485,3367
2020-05-08,US,New York,330407,26243,56378,42.1657,-74.9481,247786
2020-05-08,US,North Carolina,14006,530,0,35.6301,-79.8064,13476
2020-05-08,US,North Dakota,1425,33,714,47.5289,-99.784,678
2020-05-08,US,Ohio,23016,1306,0,40.3888,-82.7649,21710
2020-05-08,US,Oklahoma,4424,266,3064,35.5653,-96.9289,1094
2020-05-08,US,Oregon,3068,124,1125,44.572,-122.0709,1819
2020-05-08,US,Pennsylvania,57371,3715,0,40.5908,-77.2098,53656
2020-05-08,US,Rhode Island,10779,399,730,41.6809,-71.5118,9650
2020-05-08,US,South Carolina,7367,320,3816,33.8569,-80.945,3231
2020-05-08,US,South Dakota,3145,31,2069,44.2998,-99.4388,1045
2020-05-08,US,Tennessee,14441,242,7011,35.7478,-86.6923,7188
2020-05-08,US,Texas,37246,1025,19197,31.0545,-97.5635,17024
2020-05-08,US,Utah,5919,61,2769,40.15,-111.8624,3089
2020-05-08,US,Vermont,919,53,737,44.0459,-72.7107,129
2020-05-08,US,Virginia,22342,812,2997,37.7693,-78.17,18533
2020-05-08,US,Washington,16388,905,0,47.4009,-121.4905,15483
2020-05-08,US,West Virginia,1323,52,761,38.4912,-80.9545,510
2020-05-08,US,Wisconsin,9590,384,4694,44.2685,-89.6165,4512
2020-05-08,US,Wyoming,644,7,428,42.756,-107.3025,209
2020-05-09,US,Alabama,9668,390,0,32.3182,-86.9023,9278
2020-05-09,US,Alaska,378,10,318,61.3707,-152.4044,50
2020-05-09,US,Arizona,10960,532,2684,33.7298,-111.4312,7744
2020-05-09,US,Arkansas,3747,88,2968,34.9697,-92.3731,691
2020-05-09,US,California,66558,2687,0,36.1162,-119.6816,63871
2020-05-09,US,Colorado,19375,967,2974,39.0598,-105.3111,15434
2020-05-09,US,Connecticut,32984,2932,5413,41.5978,-72.7554,24639
2020-05-09,US,Delaware,6277,221,2450,39.3185,-75.5071,3606
2020-05-09,US,District of Columbia,6102,311,879,38.8974,-77.0268,4912
2020-05-09,US,Florida,40001,1715,0,27.7663,-81.6868,38286
2020-05-09,US,Georgia,32588,1403,0,33.0406,-83.6431,31185
2020-05-09,US,Hawaii,631,17,566,21.0943,-157.4983,48
2020-05-09,US,Idaho,2205,67,1442,44.2405,-114.4788,696
2020-05-09,US,Illinois,76085,3349,0,40.3495,-88.9861,72736
2020-05-09,US,Indiana,23732,1490,0,39.8494,-86.2583,22242
2020-05-09,US,Iowa,11671,252,5011,42.0115,-93.2105,6408
2020-05-09,US,Kansas,6829,174,350,38.5266,-96.7265,6305
2020-05-09,US,Kentucky,6440,304,2266,37.6681,-84.6701,3870
2020-05-09,US,Louisiana,31417,2267,20316,31.1695,-91.8678,8834
2020-05-09,US,Maine,1408,64,857,44.6939,-69.3819,487
2020-05-09,US,Maryland,31534,1614,2159,39.0639,-76.8021,27761
2020-05-09,US,Massachusetts,76743,4840,0,42.2302,-71.5301,71903
2020-05-09,US,Michigan,46815,4530,22686,43.3266,-84.5361,19599
2020-05-09,US,Minnesota,10790,558,6322,45.6945,-93.9002,3910
2020-05-09,US,Mississippi,9378,421,4421,32.7416,-89.6787,4536
2020-05-09,US,Missouri,9911,494,0,38.4561,-92.2884,9417
2020-05-09,US,Montana,458,16,422,46.9219,-110.4544,20
2020-05-09,US,Nebraska,8093,90,0,41.1254,-98.2681,8003
2020-05-09,US,Nevada,6171,313,205,38.3135,-117.0554,5653
2020-05-09,US,New Hampshire,3011,131,1210,43.4525,-71.5639,1670
2020-05-09,US,New Jersey,137397,9116,15642,40.2989,-74.521,112639
2020-05-09,US,New Mexico,4778,191,1189,34.8405,-106.2485,3398
2020-05-09,US,New York,333122,26612,57180,42.1657,-74.9481,249330
2020-05-09,US,North Carolina,14478,551,0,35.6301,-79.8064,13927
2020-05-09,US,North Dakota,1464,35,762,47.5289,-99.784,667
2020-05-09,US,Ohio,23697,1331,0,40.3888,-82.7649,22366
2020-05-09,US,Oklahoma,4490,270,3154,35.5653,-96.9289,1066
2020-05-09,US,Oregon,3160,127,1125,44.572,-122.0709,1908
2020-05-09,US,Pennsylvania,58560,3779,0,40.5908,-77.2098,54781
2020-05-09,US,Rhode Island,10989,418,772,41.6809,-71.5118,9799
2020-05-09,US,South Carolina,7531,330,4120,33.8569,-80.945,3081
2020-05-09,US,South Dakota,3393,34,2125,44.2998,-99.4388,1234
2020-05-09,US,Tennessee,14768,242,7369,35.7478,-86.6923,7157
2020-05-09,US,Texas,38394,1066,20141,31.0545,-97.5635,17187
2020-05-09,US,Utah,6103,66,2901,40.15,-111.8624,3136
2020-05-09,US,Vermont,921,53,744,44.0459,-72.7107,124
2020-05-09,US,Virginia,23196,827,3124,37.7693,-78.17,19245
2020-05-09,US,Washington,16674,921,0,47.4009,-121.4905,15753
2020-05-09,US,West Virginia,1323,52,761,38.4912,-80.9545,510
2020-05-09,US,Wisconsin,9939,398,4875,44.2685,-89.6165,4666
2020-05-09,US,Wyoming,653,7,438,42.756,-107.3025,208
2020-05-10,US,Alabama,9889,393,0,32.3182,-86.9023,9496
2020-05-10,US,Alaska,379,10,324,61.3707,-152.4044,45
2020-05-10,US,Arizona,11119,536,2775,33.7298,-111.4312,7808
2020-05-10,US,Arkansas,4012,91,2968,34.9697,-92.3731,953
2020-05-10,US,California,67600,2716,0,36.1162,-119.6816,64884
2020-05-10,US,Colorado,19703,971,3023,39.0598,-105.3111,15709
2020-05-10,US,Connecticut,33554,2967,5413,41.5978,-72.7554,25174
2020-05-10,US,Delaware,6277,221,2537,39.3185,-75.5071,3519
2020-05-10,US,District of Columbia,6272,323,880,38.8974,-77.0268,5069
2020-05-10,US,Florida,40596,1721,0,27.7663,-81.6868,38875
2020-05-10,US,Georgia,33580,1406,0,33.0406,-83.6431,32174
2020-05-10,US,Hawaii,632,17,551,21.0943,-157.4983,64
2020-05-10,US,Idaho,2230,67,1473,44.2405,-114.4788,690
2020-05-10,US,Illinois,77741,3406,0,40.3495,-88.9861,74335
2020-05-10,US,Indiana,24126,1508,0,39.8494,-86.2583,22618
2020-05-10,US,Iowa,11959,265,5154,42.0115,-93.2105,6540
2020-05-10,US,Kansas,6951,174,371,38.5266,-96.7265,6406
2020-05-10,US,Kentucky,6440,304,2308,37.6681,-84.6701,3828
2020-05-10,US,Louisiana,31600,2286,20316,31.1695,-91.8678,8998
2020-05-10,US,Maine,1436,64,861,44.6939,-69.3819,511
2020-05-10,US,Maryland,32587,1644,2293,39.0639,-76.8021,28650
2020-05-10,US,Massachusetts,77793,4979,0,42.2302,-71.5301,72814
2020-05-10,US,Michigan,47182,4555,22686,43.3266,-84.5361,19941
2020-05-10,US,Minnesota,11271,578,6882,45.6945,-93.9002,3811
2020-05-10,US,Mississippi,9501,430,4421,32.7416,-89.6787,4650
2020-05-10,US,Missouri,10068,503,0,38.4561,-92.2884,9565
2020-05-10,US,Montana,458,16,422,46.9219,-110.4544,20
2020-05-10,US,Nebraska,8171,90,0,41.1254,-98.2681,8081
2020-05-10,US,Nevada,6120,310,182,38.3135,-117.0554,5628
2020-05-10,US,New Hampshire,3071,133,1228,43.4525,-71.5639,1710
2020-05-10,US,New Jersey,138754,9256,15642,40.2989,-74.521,113856
2020-05-10,US,New Mexico,4863,200,1268,34.8405,-106.2485,3395
2020-05-10,US,New York,335395,26641,58006,42.1657,-74.9481,250748
2020-05-10,US,North Carolina,14938,564,0,35.6301,-79.8064,14374
2020-05-10,US,North Dakota,1491,35,792,47.5289,-99.784,664
2020-05-10,US,Ohio,24081,1341,0,40.3888,-82.7649,22740
2020-05-10,US,Oklahoma,4589,272,3204,35.5653,-96.9289,1113
2020-05-10,US,Oregon,3228,127,1125,44.572,-122.0709,1976
2020-05-10,US,Pennsylvania,59939,3806,0,40.5908,-77.2098,56133
2020-05-10,US,Rhode Island,11274,422,809,41.6809,-71.5118,10043
2020-05-10,US,South Carolina,7653,331,4120,33.8569,-80.945,3202
2020-05-10,US,South Dakota,3517,34,2147,44.2998,-99.4388,1336
2020-05-10,US,Tennessee,14985,243,7528,35.7478,-86.6923,7214
2020-05-10,US,Texas,39258,1094,21022,31.0545,-97.5635,17142
2020-05-10,US,Utah,6251,67,3033,40.15,-111.8624,3151
2020-05-10,US,Vermont,927,53,777,44.0459,-72.7107,97
2020-05-10,US,Virginia,24081,839,3201,37.7693,-78.17,20041
2020-05-10,US,Washington,16891,931,0,47.4009,-121.4905,15960
2020-05-10,US,West Virginia,1360,54,775,38.4912,-80.9545,531
2020-05-10,US,Wisconsin,10219,400,5014,44.2685,-89.6165,4805
2020-05-10,US,Wyoming,662,7,443,42.756,-107.3025,212
